<?xml version="1.0" encoding="UTF-8" ?>
	<!-- This is a WordPress eXtended RSS file generated by WordPress as an export of your site. -->
	<!-- It contains information about your site's posts, pages, comments, categories, and other content. -->
	<!-- You may use this file to transfer that content from one site to another. -->
	<!-- This file is not intended to serve as a complete backup of your site. -->

	<!-- To import this information into a WordPress site follow these steps: -->
	<!-- 1. Log in to that site as an administrator. -->
	<!-- 2. Go to Tools: Import in the WordPress admin panel. -->
	<!-- 3. Install the "WordPress" importer from the list. -->
	<!-- 4. Activate & Run Importer. -->
	<!-- 5. Upload this file using the form provided on that page. -->
	<!-- 6. You will first be asked to map the authors in this export file to users -->
	<!--    on the site. For each author, you may choose to map to an -->
	<!--    existing user on the site or to create a new user. -->
	<!-- 7. WordPress will then import each of the posts, pages, comments, categories, etc. -->
	<!--    contained in this file into your site. -->

	<!-- generator="WordPress/5.8.1" created="2021-11-04 14:51" -->
<rss version="2.0"
	xmlns:excerpt="http://wordpress.org/export/1.2/excerpt/"
	xmlns:content="http://purl.org/rss/1.0/modules/content/"
	xmlns:wfw="http://wellformedweb.org/CommentAPI/"
	xmlns:dc="http://purl.org/dc/elements/1.1/"
	xmlns:wp="http://wordpress.org/export/1.2/"
>

<channel>
	<title>Elementor 2.0 WoodMart dummy</title>
	<link>http://dummy.xtemos.com/woodmart2/elementor</link>
	<description>Just another WoodMart Dummy 2.0 Sites site</description>
	<pubDate>Thu, 04 Nov 2021 14:51:01 +0000</pubDate>
	<language>en-US</language>
	<wp:wxr_version>1.2</wp:wxr_version>
	<wp:base_site_url>http://dummy.xtemos.com/woodmart2/</wp:base_site_url>
	<wp:base_blog_url>http://dummy.xtemos.com/woodmart2/elementor</wp:base_blog_url>

		<wp:author><wp:author_id>2</wp:author_id><wp:author_login><![CDATA[zakhar]]></wp:author_login><wp:author_email><![CDATA[zak@asda.as]]></wp:author_email><wp:author_display_name><![CDATA[Mr. Mackay]]></wp:author_display_name><wp:author_first_name><![CDATA[sds]]></wp:author_first_name><wp:author_last_name><![CDATA[scssc]]></wp:author_last_name></wp:author>

					<wp:term>
			<wp:term_id>0</wp:term_id>
			<wp:term_taxonomy><![CDATA[]]></wp:term_taxonomy>
			<wp:term_slug><![CDATA[]]></wp:term_slug>
			<wp:term_parent><![CDATA[]]></wp:term_parent>
					</wp:term>
		
	<generator>https://wordpress.org/?v=5.8.1</generator>

					<item>
					<title><![CDATA[About us]]></title>
					<link>http://dummy.xtemos.com/woodmart2/elementor/about-us-3/</link>
					<pubDate>Tue, 12 Oct 2021 15:51:09 +0000</pubDate>
					<dc:creator><![CDATA[zakhar]]></dc:creator>
					<guid isPermaLink="false">http://dummy.xtemos.com/woodmart2/elementor/?page_id=4400</guid>
											<content:encoded><![CDATA[SOME WORDS ABOUT US				
				<h4>Well-coordinated teamwork speaks About Us</h4> 
											<h4						class="info-box-title title box-title-style-default wd-fontsize-m" data-elementor-setting-key="title">
								We love what we do						</h4>
						<p>A small river named Duden flows by their place and supplies it with the necessary regelialia.</p>
			<a  href="#">
					Read more				
							</a>
											<h4						class="info-box-title title box-title-style-default wd-fontsize-m" data-elementor-setting-key="title">
								Our working process						</h4>
						<p>She packed her seven versalia, put her initial into the belt and made herself on the way.</p>
			<a  href="#">
					Read more				
							</a>
								<img width="580" height="580" src="http://dummy.xtemos.com/woodmart2/elementor/wp-content/uploads/sites/2/2021/10/about-us-3-image-1.jpg" alt="" loading="lazy" srcset="https://dummy.xtemos.com/woodmart2/elementor/wp-content/uploads/sites/2/2021/10/about-us-3-image-1.jpg 580w, https://dummy.xtemos.com/woodmart2/elementor/wp-content/uploads/sites/2/2021/10/about-us-3-image-1-300x300.jpg 300w, https://dummy.xtemos.com/woodmart2/elementor/wp-content/uploads/sites/2/2021/10/about-us-3-image-1-150x150.jpg 150w, https://dummy.xtemos.com/woodmart2/elementor/wp-content/uploads/sites/2/2021/10/about-us-3-image-1-430x430.jpg 430w, https://dummy.xtemos.com/woodmart2/elementor/wp-content/uploads/sites/2/2021/10/about-us-3-image-1-130x130.jpg 130w" sizes="(max-width: 580px) 100vw, 580px" />					
					SEEMINGLY ELEGANT DESIGN				
				<h4>About our online store</h4> 
					<em>Risus suspendisse a orci penatibus a felis suscipit consectetur vestibulum sodales dui cum ultricies lacus interdum.</em>				
			<p>One morning, when Gregor Samsa woke from troubled dreams, he found himself transformed in his bed into a horrible vermin. He lay on his armour-like back, and if he lifted his head a little he could see his brown belly, slightly domed and divided by arches into stiff.</p><p>Dictumst per ante cras suscipit nascetur ullamcorper in nullam fermentum condimentum torquent iaculis reden posuere potenti viverra condimentum dictumst id tellus suspendisse</p>
			<a href="#"><strong><em>Developed by Xtemos Studio @ 2021.</em></strong></a>
									<a rel="noopener noreferrer nofollow" href="https://www.facebook.com/sharer/sharer.php?u=https://dummy.xtemos.com/woodmart2/elementor/about-us-3/" target="_blank" aria-label="Facebook social link">
											</a>
									<a rel="noopener noreferrer nofollow" href="https://twitter.com/share?url=https://dummy.xtemos.com/woodmart2/elementor/about-us-3/" target="_blank" aria-label="Twitter social link">
											</a>
									<a rel="noopener noreferrer nofollow" href="https://pinterest.com/pin/create/button/?url=https://dummy.xtemos.com/woodmart2/elementor/about-us-3/&media=https://dummy.xtemos.com/woodmart2/elementor/wp-includes/images/media/default.png&description=About+us" target="_blank" aria-label="Pinterest social link">
											</a>
									<a rel="noopener noreferrer nofollow" href="https://www.linkedin.com/shareArticle?mini=true&url=https://dummy.xtemos.com/woodmart2/elementor/about-us-3/" target="_blank" aria-label="Linkedin social link">
											</a>
									<a rel="noopener noreferrer nofollow" href="https://telegram.me/share/url?url=https://dummy.xtemos.com/woodmart2/elementor/about-us-3/" target="_blank" aria-label="Telegram social link">
											</a>
					WORDS ABOUT US				
				<h4>Our Team</h4> 
					Convallis ullamcorper aliquet ultrices orci cum vestibulum lobortis erat.				
						<img width="400" height="643" src="http://dummy.xtemos.com/woodmart2/elementor/wp-content/uploads/sites/2/2021/10/about-us-3-team-member-1.jpg" alt="" loading="lazy" srcset="https://dummy.xtemos.com/woodmart2/elementor/wp-content/uploads/sites/2/2021/10/about-us-3-team-member-1.jpg 400w, https://dummy.xtemos.com/woodmart2/elementor/wp-content/uploads/sites/2/2021/10/about-us-3-team-member-1-187x300.jpg 187w, https://dummy.xtemos.com/woodmart2/elementor/wp-content/uploads/sites/2/2021/10/about-us-3-team-member-1-130x209.jpg 130w" sizes="(max-width: 400px) 100vw, 400px" />					
									<h4>
						Mark Jance					</h4>
						CEO / FOUNDER					
															<a rel="noopener noreferrer nofollow" href="#">
								</a>
															<a rel="noopener noreferrer nofollow" href="#">
								</a>
															<a rel="noopener noreferrer nofollow" href="#">
								</a>
															<a rel="noopener noreferrer nofollow" href="#">
								</a>
						<img width="400" height="643" src="http://dummy.xtemos.com/woodmart2/elementor/wp-content/uploads/sites/2/2021/10/about-us-3-team-member-2.jpg" alt="" loading="lazy" srcset="https://dummy.xtemos.com/woodmart2/elementor/wp-content/uploads/sites/2/2021/10/about-us-3-team-member-2.jpg 400w, https://dummy.xtemos.com/woodmart2/elementor/wp-content/uploads/sites/2/2021/10/about-us-3-team-member-2-187x300.jpg 187w, https://dummy.xtemos.com/woodmart2/elementor/wp-content/uploads/sites/2/2021/10/about-us-3-team-member-2-130x209.jpg 130w" sizes="(max-width: 400px) 100vw, 400px" />					
									<h4>
						Aviana Plummer					</h4>
						CEO / FOUNDER					
															<a rel="noopener noreferrer nofollow" href="#">
								</a>
															<a rel="noopener noreferrer nofollow" href="#">
								</a>
															<a rel="noopener noreferrer nofollow" href="#">
								</a>
															<a rel="noopener noreferrer nofollow" href="#">
								</a>
						<img width="400" height="643" src="http://dummy.xtemos.com/woodmart2/elementor/wp-content/uploads/sites/2/2021/10/about-us-3-team-member-3.jpg" alt="" loading="lazy" srcset="https://dummy.xtemos.com/woodmart2/elementor/wp-content/uploads/sites/2/2021/10/about-us-3-team-member-3.jpg 400w, https://dummy.xtemos.com/woodmart2/elementor/wp-content/uploads/sites/2/2021/10/about-us-3-team-member-3-187x300.jpg 187w, https://dummy.xtemos.com/woodmart2/elementor/wp-content/uploads/sites/2/2021/10/about-us-3-team-member-3-130x209.jpg 130w" sizes="(max-width: 400px) 100vw, 400px" />					
									<h4>
						Braydon Wilkerson					</h4>
						CEO / FOUNDER					
															<a rel="noopener noreferrer nofollow" href="#">
								</a>
															<a rel="noopener noreferrer nofollow" href="#">
								</a>
															<a rel="noopener noreferrer nofollow" href="#">
								</a>
															<a rel="noopener noreferrer nofollow" href="#">
								</a>
						<img width="400" height="643" src="http://dummy.xtemos.com/woodmart2/elementor/wp-content/uploads/sites/2/2021/10/about-us-3-team-member-4.jpg" alt="" loading="lazy" srcset="https://dummy.xtemos.com/woodmart2/elementor/wp-content/uploads/sites/2/2021/10/about-us-3-team-member-4.jpg 400w, https://dummy.xtemos.com/woodmart2/elementor/wp-content/uploads/sites/2/2021/10/about-us-3-team-member-4-187x300.jpg 187w, https://dummy.xtemos.com/woodmart2/elementor/wp-content/uploads/sites/2/2021/10/about-us-3-team-member-4-130x209.jpg 130w" sizes="(max-width: 400px) 100vw, 400px" />					
									<h4>
						Kristin Watson					</h4>
						CEO / FOUNDER					
															<a rel="noopener noreferrer nofollow" href="#">
								</a>
															<a rel="noopener noreferrer nofollow" href="#">
								</a>
															<a rel="noopener noreferrer nofollow" href="#">
								</a>
															<a rel="noopener noreferrer nofollow" href="#">
								</a>
					DEVELOPED BY XTEMOS STUDIO @ 2021.				
				<h4>We work through every aspect at the planning</h4> 
			<a  href="#">
					WE DO IT FOR YOU WITH LOVE				
							</a>
				2010			
					FOUNDING YEAR				
				2000			
					HAPPY COSTUMERS				
				190			
					COMPANY WORK WITH US				
				2			
					OFFICES				
				21			
					TEAM MEMBERS				
				750			
					PROJECTS COMPLETED				
		https://www.youtube.com/watch?v=XHOmBV4js_E		
				<h4>Our company history and facts</h4> 
			<p><em>I should be incapable of drawing a single stroke at the present moment; and yet I feel that I never was a greater artist than now.</em></p>
		https://www.youtube.com/watch?v=XHOmBV4js_E		
				<h4>Design &amp; development process demonstration</h4> 
			<p><em>A wonderful serenity has taken possession of my entire soul,like these sweet mornings of spring which I enjoy with my whole heart.</em></p>]]></content:encoded>
															<wp:post_id>4400</wp:post_id>
					<wp:post_date><![CDATA[2021-10-12 15:51:09]]></wp:post_date>
					<wp:post_date_gmt><![CDATA[2021-10-12 15:51:09]]></wp:post_date_gmt>
					<wp:post_modified><![CDATA[2021-10-18 13:59:38]]></wp:post_modified>
					<wp:post_modified_gmt><![CDATA[2021-10-18 13:59:38]]></wp:post_modified_gmt>
					<wp:comment_status><![CDATA[closed]]></wp:comment_status>
					<wp:post_name><![CDATA[about-us-3]]></wp:post_name>
					<wp:status><![CDATA[publish]]></wp:status>
					<wp:post_parent>0</wp:post_parent>
					<wp:menu_order>0</wp:menu_order>
					<wp:post_type><![CDATA[page]]></wp:post_type>
																					<wp:postmeta>
							<wp:meta_key><![CDATA[_woodmart_whb_header]]></wp:meta_key>
							<wp:meta_value><![CDATA[none]]></wp:meta_value>
						</wp:postmeta>
												<wp:postmeta>
							<wp:meta_key><![CDATA[_woodmart_title_off]]></wp:meta_key>
							<wp:meta_value><![CDATA[on]]></wp:meta_value>
						</wp:postmeta>
												<wp:postmeta>
							<wp:meta_key><![CDATA[_woodmart_title_image]]></wp:meta_key>
							<wp:meta_value><![CDATA[a:2:{s:3:"url";s:0:"";s:2:"id";s:0:"";}]]></wp:meta_value>
						</wp:postmeta>
												<wp:postmeta>
							<wp:meta_key><![CDATA[_woodmart_page-title-size]]></wp:meta_key>
							<wp:meta_value><![CDATA[inherit]]></wp:meta_value>
						</wp:postmeta>
												<wp:postmeta>
							<wp:meta_key><![CDATA[_woodmart_main_layout]]></wp:meta_key>
							<wp:meta_value><![CDATA[full-width]]></wp:meta_value>
						</wp:postmeta>
												<wp:postmeta>
							<wp:meta_key><![CDATA[_elementor_edit_mode]]></wp:meta_key>
							<wp:meta_value><![CDATA[builder]]></wp:meta_value>
						</wp:postmeta>
												<wp:postmeta>
							<wp:meta_key><![CDATA[_elementor_template_type]]></wp:meta_key>
							<wp:meta_value><![CDATA[wp-page]]></wp:meta_value>
						</wp:postmeta>
												<wp:postmeta>
							<wp:meta_key><![CDATA[_elementor_version]]></wp:meta_key>
							<wp:meta_value><![CDATA[3.4.3]]></wp:meta_value>
						</wp:postmeta>
												<wp:postmeta>
							<wp:meta_key><![CDATA[_wp_page_template]]></wp:meta_key>
							<wp:meta_value><![CDATA[default]]></wp:meta_value>
						</wp:postmeta>
												<wp:postmeta>
							<wp:meta_key><![CDATA[_elementor_data]]></wp:meta_key>
							<wp:meta_value><![CDATA[[{"id":"30f4b337","elType":"section","settings":{"gap":"extended","content_position":"middle","wd_section_stretch":"stretch","structure":"30","background_background":"classic","background_color":"#F9F9F9","margin":{"unit":"px","top":"-40","right":"0","bottom":"80","left":"0","isLinked":""},"margin_tablet":{"unit":"px","top":"-40","right":"0","bottom":"60","left":"0","isLinked":""},"margin_mobile":{"unit":"px","top":"-40","right":"0","bottom":"40","left":"0","isLinked":""},"padding":{"unit":"px","top":"80","right":"10","bottom":"80","left":"10","isLinked":""},"padding_tablet":{"unit":"px","top":"60","right":"15","bottom":"60","left":"15","isLinked":""}},"elements":[{"id":"709130a2","elType":"column","settings":{"_column_size":"33","column_sticky_offset":"50","scroll_y":"-80","_inline_size_tablet":"100"},"elements":[{"id":"de6816b","elType":"widget","settings":{"subtitle":"SOME WORDS ABOUT US","title":"Well-coordinated teamwork speaks About Us","after_title":"","size":"large","align":"left","subtitle_typography_typography":"custom","subtitle_typography_font_weight":"600","scroll_y":"-80","color":"primary"},"elements":[],"widgetType":"wd_title"}],"isInner":""},{"id":"52737e3b","elType":"column","settings":{"_column_size":"33","column_sticky_offset":"50","scroll_y":"-80","_inline_size_tablet":"50","margin":{"unit":"%","top":"0","right":"0","bottom":"0","left":"30","isLinked":""},"margin_tablet":{"unit":"px","top":"0","right":"0","bottom":"0","left":"0","isLinked":""}},"elements":[{"id":"1cde49f0","elType":"widget","settings":{"icon_text":"","subtitle":"","title":"We love what we do","content":"<p>A small river named Duden flows by their place and supplies it with the necessary regelialia.<\/p>","btn_text":"Read more","alignment":"left","content_typography_typography":"custom","content_typography_font_size":{"unit":"px","size":"16","sizes":[]},"btn_size":"small","btn_color":"primary","btn_style":"link","scroll_y":"-80"},"elements":[],"widgetType":"wd_infobox"}],"isInner":""},{"id":"1c137d17","elType":"column","settings":{"_column_size":"33","column_sticky_offset":"50","scroll_y":"-80","_inline_size_tablet":"50","margin":{"unit":"%","top":"0","right":"0","bottom":"0","left":"30","isLinked":""},"margin_tablet":{"unit":"px","top":"0","right":"0","bottom":"0","left":"0","isLinked":""}},"elements":[{"id":"1be79bd5","elType":"widget","settings":{"icon_text":"","subtitle":"","title":"Our working process","content":"<p>She packed her seven versalia, put her initial into the belt and made herself on the way.<\/p>","btn_text":"Read more","alignment":"left","content_typography_typography":"custom","content_typography_font_size":{"unit":"px","size":"16","sizes":[]},"btn_size":"small","btn_color":"primary","btn_style":"link","scroll_y":"-80"},"elements":[],"widgetType":"wd_infobox"}],"isInner":""}],"isInner":""},{"id":"3c548bca","elType":"section","settings":{"structure":"20","margin":{"unit":"px","top":"0","right":"0","bottom":"80","left":"0","isLinked":""},"margin_tablet":{"unit":"px","top":"0","right":"0","bottom":"60","left":"0","isLinked":""},"margin_mobile":{"unit":"px","top":"0","right":"0","bottom":"40","left":"0","isLinked":""},"reverse_order_tablet":"reverse-tablet","reverse_order_mobile":"reverse-mobile"},"elements":[{"id":"1d354ed7","elType":"column","settings":{"_column_size":"50","_inline_size_tablet":"100","column_sticky_offset":"50","scroll_y":"-80"},"elements":[{"id":"3b8f1c6","elType":"widget","settings":{"image":{"url":"http:\/\/dummy.xtemos.com\/woodmart2\/elementor\/wp-content\/uploads\/sites\/2\/2021\/10\/about-us-3-image-1.jpg","id":4408,"alt":"","source":"library"},"scroll_y":-80},"elements":[],"widgetType":"wd_image_or_svg"}],"isInner":""},{"id":"7a9daa7","elType":"column","settings":{"_column_size":"50","_inline_size_tablet":"100","margin":{"unit":"%","top":"6","right":"0","bottom":"0","left":"20","isLinked":""},"margin_tablet":{"unit":"px","top":"0","right":"0","bottom":"0","left":"0","isLinked":""},"column_sticky_offset":"50","scroll_y":"-80"},"elements":[{"id":"18566191","elType":"widget","settings":{"subtitle":"SEEMINGLY ELEGANT DESIGN","title":"About our online store","after_title":"<p><em>Risus suspendisse a orci penatibus a felis suscipit consectetur vestibulum sodales dui cum ultricies lacus interdum.<\/em><\/p>","size":"large","align":"left","subtitle_typography_typography":"custom","subtitle_typography_font_weight":"600","text_color":"rgba(0, 0, 0, 0.30196078431372547)","text_typography_typography":"custom","text_typography_font_size":{"unit":"px","size":"16","sizes":[]},"scroll_y":"-80","color":"primary"},"elements":[],"widgetType":"wd_title"},{"id":"cf34ae6","elType":"widget","settings":{"text":"<p>One morning, when Gregor Samsa woke from troubled dreams, he found himself transformed in his bed into a horrible vermin. He lay on his armour-like back, and if he lifted his head a little he could see his brown belly, slightly domed and divided by arches into stiff.<\/p><p>Dictumst per ante cras suscipit nascetur ullamcorper in nullam fermentum condimentum torquent iaculis reden posuere potenti viverra condimentum dictumst id tellus suspendisse<\/p>","typography_typography":"custom","typography_font_size":{"unit":"px","size":16,"sizes":[]},"_margin":{"unit":"px","top":"0","right":"0","bottom":"10","left":"0","isLinked":false},"scroll_y":-80},"elements":[],"widgetType":"wd_text_block"},{"id":"6c441740","elType":"section","settings":{"border_border":"solid","border_width":{"unit":"px","top":"1","right":"0","bottom":"0","left":"0","isLinked":""},"border_color":"rgba(10, 10, 10, 0.12156862745098039)","padding":{"unit":"px","top":"10","right":"0","bottom":"0","left":"0","isLinked":""}},"elements":[{"id":"2340cadd","elType":"column","settings":{"_column_size":"100","content_position":"center","align":"space-between","column_sticky_offset":"50","scroll_y":"-80"},"elements":[{"id":"bd4094d","elType":"widget","settings":{"text":"<a href=\"http:\/\/#\"><strong><em>Developed by <span style=\"color: #cd1d1d;\">X<\/span>temos Studio @ 2021.<\/em><\/strong><\/a>","_margin":{"unit":"px","top":"0","right":"25","bottom":"0","left":"0","isLinked":false},"scroll_y":-80,"_element_width":"auto"},"elements":[],"widgetType":"wd_text_block"},{"id":"5292d768","elType":"widget","settings":{"size":"small","align":"left","style":"colored-alt","scroll_y":"-80","_element_width":"auto","hide_mobile":"hidden-phone"},"elements":[],"widgetType":"wd_social_buttons"}],"isInner":"1"}],"isInner":"1"}],"isInner":""}],"isInner":""},{"id":"52ee36d","elType":"section","settings":{"margin":{"unit":"px","top":"0","right":"0","bottom":"20","left":"0","isLinked":""}},"elements":[{"id":"6a9942c2","elType":"column","settings":{"_column_size":"100","column_sticky_offset":"50","scroll_y":"-80"},"elements":[{"id":"75d7772b","elType":"widget","settings":{"subtitle":"WORDS ABOUT US","title":"Our Team","after_title":"<p>Convallis ullamcorper aliquet ultrices orci cum vestibulum lobortis erat.<\/p>","size":"large","subtitle_typography_typography":"custom","subtitle_typography_font_weight":"600","scroll_y":"-80","color":"primary"},"elements":[],"widgetType":"wd_title"}],"isInner":""}],"isInner":""},{"id":"83b510d","elType":"section","settings":{"structure":"40","margin":{"unit":"px","top":"0","right":"0","bottom":"70","left":"0","isLinked":""},"margin_tablet":{"unit":"px","top":"0","right":"0","bottom":"50","left":"0","isLinked":""},"margin_mobile":{"unit":"px","top":"0","right":"0","bottom":"30","left":"0","isLinked":""},"gap":"extended"},"elements":[{"id":"7e1fc6fc","elType":"column","settings":{"_column_size":"25","_inline_size_tablet":"50","column_sticky_offset":"50","scroll_y":"-80"},"elements":[{"id":"cad158e","elType":"widget","settings":{"image":{"id":4416,"url":"http:\/\/dummy.xtemos.com\/woodmart2\/elementor\/wp-content\/uploads\/sites\/2\/2021\/10\/about-us-3-team-member-1.jpg","alt":"","source":"library"},"image_size":"full","name":"Mark Jance","position":"CEO \/ FOUNDER","content":"","facebook":"#","twitter":"#","linkedin":"#","skype":"","instagram":"#","align":"center","size":"small","style":"colored","_margin":{"unit":"px","top":"0","right":"0","bottom":"10","left":"0","isLinked":""},"scroll_y":"-80"},"elements":[],"widgetType":"wd_team_member"}],"isInner":""},{"id":"7f387d5c","elType":"column","settings":{"_column_size":"25","_inline_size_tablet":"50","column_sticky_offset":"50","scroll_y":"-80"},"elements":[{"id":"517b207a","elType":"widget","settings":{"image":{"id":4417,"url":"http:\/\/dummy.xtemos.com\/woodmart2\/elementor\/wp-content\/uploads\/sites\/2\/2021\/10\/about-us-3-team-member-2.jpg","alt":"","source":"library"},"image_size":"full","name":"Aviana Plummer","position":"CEO \/ FOUNDER","content":"","facebook":"#","twitter":"#","linkedin":"#","skype":"","instagram":"#","align":"center","size":"small","style":"colored","_margin":{"unit":"px","top":"0","right":"0","bottom":"10","left":"0","isLinked":""},"scroll_y":"-80"},"elements":[],"widgetType":"wd_team_member"}],"isInner":""},{"id":"23745794","elType":"column","settings":{"_column_size":"25","_inline_size_tablet":"50","column_sticky_offset":"50","scroll_y":"-80"},"elements":[{"id":"1f3bd4d2","elType":"widget","settings":{"image":{"id":4418,"url":"http:\/\/dummy.xtemos.com\/woodmart2\/elementor\/wp-content\/uploads\/sites\/2\/2021\/10\/about-us-3-team-member-3.jpg","alt":"","source":"library"},"image_size":"full","name":"Braydon Wilkerson","position":"CEO \/ FOUNDER","content":"","facebook":"#","twitter":"#","linkedin":"#","skype":"","instagram":"#","align":"center","size":"small","style":"colored","_margin":{"unit":"px","top":"0","right":"0","bottom":"10","left":"0","isLinked":""},"scroll_y":"-80"},"elements":[],"widgetType":"wd_team_member"}],"isInner":""},{"id":"533d0ceb","elType":"column","settings":{"_column_size":"25","_inline_size_tablet":"50","column_sticky_offset":"50","scroll_y":"-80"},"elements":[{"id":"25be736","elType":"widget","settings":{"image":{"id":4419,"url":"http:\/\/dummy.xtemos.com\/woodmart2\/elementor\/wp-content\/uploads\/sites\/2\/2021\/10\/about-us-3-team-member-4.jpg","alt":"","source":"library"},"image_size":"full","name":"Kristin Watson","position":"CEO \/ FOUNDER","content":"","facebook":"#","twitter":"#","linkedin":"#","skype":"","instagram":"#","align":"center","size":"small","style":"colored","_margin":{"unit":"px","top":"0","right":"0","bottom":"10","left":"0","isLinked":""},"scroll_y":"-80"},"elements":[],"widgetType":"wd_team_member"}],"isInner":""}],"isInner":""},{"id":"258a5d03","elType":"section","settings":{"content_position":"middle","wd_section_stretch":"stretch","structure":"20","background_background":"classic","background_image":{"id":4420,"url":"http:\/\/dummy.xtemos.com\/woodmart2\/elementor\/wp-content\/uploads\/sites\/2\/2021\/10\/about-us-3-bg.jpg","alt":"","source":"library"},"background_position":"center center","background_repeat":"no-repeat","background_size":"cover","margin":{"unit":"px","top":"0","right":"0","bottom":"80","left":"0","isLinked":""},"margin_tablet":{"unit":"px","top":"0","right":"0","bottom":"60","left":"0","isLinked":""},"margin_mobile":{"unit":"px","top":"0","right":"0","bottom":"40","left":"0","isLinked":""},"padding":{"unit":"px","top":"80","right":"10","bottom":"80","left":"10","isLinked":""},"padding_tablet":{"unit":"px","top":"60","right":"15","bottom":"60","left":"15","isLinked":""},"padding_mobile":{"unit":"px","top":"40","right":"15","bottom":"40","left":"15","isLinked":""}},"elements":[{"id":"322d579b","elType":"column","settings":{"_column_size":"50","margin_mobile":{"unit":"px","top":"0","right":"0","bottom":"20","left":"0","isLinked":""},"column_sticky_offset":"50","scroll_y":"-80","wd_color_scheme":"light"},"elements":[{"id":"1d167ea","elType":"widget","settings":{"subtitle":"DEVELOPED BY XTEMOS STUDIO @ 2021.","title":"We work through every aspect at the planning","after_title":"","color":"primary","size":"large","align":"left","width":{"unit":"%","size":"90","sizes":[]},"subtitle_typography_typography":"custom","subtitle_typography_font_weight":"600","scroll_y":"-80"},"elements":[],"widgetType":"wd_title"},{"id":"76e45cad","elType":"widget","settings":{"text":"WE DO IT FOR YOU WITH LOVE","style":"link","color":"white","align":"left","scroll_y":"-80"},"elements":[],"widgetType":"wd_button"}],"isInner":""},{"id":"f1bfe4d","elType":"column","settings":{"_column_size":"50","column_sticky_offset":"50","scroll_y":"-80"},"elements":[{"id":"16f2b675","elType":"section","settings":{"_border_width":{"top":"0","left":"0","right":"0","bottom":"1","unit":"px","isLinked":""},"_border_border":"solid","_border_color":"rgba(255,255,255,0.3)","structure":"20","gap":"no","border_border":"solid","border_width":{"unit":"px","top":"0","right":"0","bottom":"1","left":"0","isLinked":""},"border_color":"rgba(255, 255, 255, 0.30196078431372547)"},"elements":[{"id":"55e71166","elType":"column","settings":{"_column_size":"50","_border_width":{"top":"0","left":"0","right":"1","bottom":"0","unit":"px","isLinked":""},"_border_border":"solid","_border_color":"rgba(255,255,255,0.3)","_inline_size_tablet":"50","_inline_size_mobile":"50","border_border":"solid","border_width":{"unit":"px","top":"0","right":"1","bottom":"0","left":"0","isLinked":""},"border_color":"rgba(255, 255, 255, 0.30196078431372547)","padding":{"unit":"px","top":"30","right":"15","bottom":"30","left":"15","isLinked":false},"column_sticky_offset":"50","scroll_y":"-80","padding_mobile":{"unit":"px","top":"30","right":"15","bottom":"30","left":"40","isLinked":""},"padding_tablet":{"unit":"px","top":"30","right":"15","bottom":"30","left":"15","isLinked":""}},"elements":[{"id":"45481925","elType":"widget","settings":{"size":"large","label":"FOUNDING YEAR","value":"2010","value_typography_typography":"custom","value_typography_font_weight":"600","color_scheme":"light","scroll_y":"-80"},"elements":[],"widgetType":"wd_counter"}],"isInner":"1"},{"id":"4c0d03d4","elType":"column","settings":{"_column_size":"50","_inline_size_tablet":"50","_inline_size_mobile":"50","border_width":{"unit":"px","top":"0","right":"1","bottom":"0","left":"0","isLinked":""},"border_color":"rgba(255, 255, 255, 0.30196078431372547)","padding":{"unit":"px","top":"30","right":"15","bottom":"30","left":"15","isLinked":false},"column_sticky_offset":"50","scroll_y":"-80","padding_mobile":{"unit":"px","top":"30","right":"40","bottom":"30","left":"15","isLinked":""},"padding_tablet":{"unit":"px","top":"30","right":"15","bottom":"30","left":"15","isLinked":""}},"elements":[{"id":"6daaabc8","elType":"widget","settings":{"size":"large","label":"HAPPY COSTUMERS","value":"2000","value_typography_typography":"custom","value_typography_font_weight":"600","color_scheme":"light","scroll_y":"-80"},"elements":[],"widgetType":"wd_counter"}],"isInner":""}],"isInner":"1"},{"id":"2a20da95","elType":"section","settings":{"_border_width":{"top":"0","left":"0","right":"0","bottom":"1","unit":"px","isLinked":""},"_border_border":"solid","_border_color":"rgba(255,255,255,0.3)","structure":"20","gap":"no","border_border":"solid","border_width":{"unit":"px","top":"0","right":"0","bottom":"1","left":"0","isLinked":""},"border_color":"rgba(255, 255, 255, 0.30196078431372547)"},"elements":[{"id":"8324e0","elType":"column","settings":{"_column_size":"50","_border_width":{"top":"0","left":"0","right":"1","bottom":"0","unit":"px","isLinked":""},"_border_border":"solid","_border_color":"rgba(255,255,255,0.3)","_inline_size_tablet":"50","_inline_size_mobile":"50","border_border":"solid","border_width":{"unit":"px","top":"0","right":"1","bottom":"0","left":"0","isLinked":""},"border_color":"rgba(255, 255, 255, 0.30196078431372547)","padding":{"unit":"px","top":"30","right":"15","bottom":"30","left":"15","isLinked":false},"column_sticky_offset":"50","scroll_y":"-80","padding_mobile":{"unit":"px","top":"30","right":"15","bottom":"30","left":"40","isLinked":""},"padding_tablet":{"unit":"px","top":"30","right":"15","bottom":"30","left":"15","isLinked":""}},"elements":[{"id":"5a93a0bb","elType":"widget","settings":{"size":"large","label":"COMPANY WORK WITH US","value":"190","value_typography_typography":"custom","value_typography_font_weight":"600","color_scheme":"light","scroll_y":"-80"},"elements":[],"widgetType":"wd_counter"}],"isInner":"1"},{"id":"50aa848f","elType":"column","settings":{"_column_size":"50","_inline_size_tablet":"50","_inline_size_mobile":"50","border_width":{"unit":"px","top":"0","right":"1","bottom":"0","left":"0","isLinked":""},"border_color":"rgba(255, 255, 255, 0.30196078431372547)","padding":{"unit":"px","top":"30","right":"15","bottom":"30","left":"15","isLinked":false},"column_sticky_offset":"50","scroll_y":"-80","padding_mobile":{"unit":"px","top":"30","right":"40","bottom":"30","left":"15","isLinked":""},"padding_tablet":{"unit":"px","top":"30","right":"15","bottom":"30","left":"15","isLinked":""}},"elements":[{"id":"150bc487","elType":"widget","settings":{"size":"large","label":"OFFICES","value":"2","value_typography_typography":"custom","value_typography_font_weight":"600","color_scheme":"light","scroll_y":"-80"},"elements":[],"widgetType":"wd_counter"}],"isInner":""}],"isInner":"1"},{"id":"16afbf22","elType":"section","settings":{"structure":"20","gap":"no"},"elements":[{"id":"356eb30e","elType":"column","settings":{"_column_size":"50","_border_width":{"top":"0","left":"0","right":"1","bottom":"0","unit":"px","isLinked":""},"_border_border":"solid","_border_color":"rgba(255,255,255,0.3)","_inline_size_tablet":"50","_inline_size_mobile":"50","border_border":"solid","border_width":{"unit":"px","top":"0","right":"1","bottom":"0","left":"0","isLinked":""},"border_color":"rgba(255, 255, 255, 0.30196078431372547)","padding":{"unit":"px","top":"30","right":"15","bottom":"30","left":"15","isLinked":false},"column_sticky_offset":"50","scroll_y":"-80","padding_mobile":{"unit":"px","top":"30","right":"15","bottom":"30","left":"40","isLinked":""},"padding_tablet":{"unit":"px","top":"30","right":"15","bottom":"30","left":"15","isLinked":""}},"elements":[{"id":"64a17747","elType":"widget","settings":{"size":"large","label":"TEAM MEMBERS","value":"21","value_typography_typography":"custom","value_typography_font_weight":"600","color_scheme":"light","scroll_y":"-80"},"elements":[],"widgetType":"wd_counter"}],"isInner":"1"},{"id":"2aceddaf","elType":"column","settings":{"_column_size":"50","_inline_size_tablet":"50","_inline_size_mobile":"50","border_width":{"unit":"px","top":"0","right":"1","bottom":"0","left":"0","isLinked":""},"border_color":"rgba(255, 255, 255, 0.30196078431372547)","padding":{"unit":"px","top":"30","right":"15","bottom":"30","left":"15","isLinked":false},"column_sticky_offset":"50","scroll_y":"-80","padding_mobile":{"unit":"px","top":"30","right":"40","bottom":"30","left":"15","isLinked":""},"padding_tablet":{"unit":"px","top":"30","right":"15","bottom":"30","left":"15","isLinked":""}},"elements":[{"id":"5dcb5be8","elType":"widget","settings":{"size":"large","label":"PROJECTS COMPLETED","value":"750","value_typography_typography":"custom","value_typography_font_weight":"600","color_scheme":"light","scroll_y":"-80"},"elements":[],"widgetType":"wd_counter"}],"isInner":""}],"isInner":"1"}],"isInner":""}],"isInner":""},{"id":"1a6f30f8","elType":"section","settings":{"structure":"20","margin":{"unit":"px","top":"0","right":"0","bottom":"40","left":"0","isLinked":""},"margin_tablet":{"unit":"px","top":"0","right":"0","bottom":"20","left":"0","isLinked":""},"margin_mobile":{"unit":"px","top":"0","right":"0","bottom":"0","left":"0","isLinked":""},"gap":"extended"},"elements":[{"id":"5a19e6bd","elType":"column","settings":{"_column_size":"50","margin_mobile":{"unit":"px","top":"0","right":"0","bottom":"20","left":"0","isLinked":""},"column_sticky_offset":"50","scroll_y":"-80"},"elements":[{"id":"6d4d13bc","elType":"widget","settings":{"youtube_url":"https:\/\/www.youtube.com\/watch?v=XHOmBV4js_E","vimeo_url":"https:\/\/vimeo.com\/235215203","dailymotion_url":"https:\/\/www.dailymotion.com\/video\/x6tqhqb","controls":"","show_image_overlay":"yes","image_overlay":{"id":4421,"url":"http:\/\/dummy.xtemos.com\/woodmart2\/elementor\/wp-content\/uploads\/sites\/2\/2021\/10\/about-us-3-video-1.jpg","alt":"","source":"library"},"_margin":{"unit":"px","top":"0","right":"0","bottom":"10","left":"0","isLinked":""},"scroll_y":"-80","wd_theme_style":"theme-style"},"elements":[],"widgetType":"video"},{"id":"f57816e","elType":"widget","settings":{"subtitle":"","title":"Our company history and facts","after_title":"","align":"left","title_typography_typography":"custom","title_typography_font_size":{"unit":"px","size":"24","sizes":[]},"scroll_y":"-80"},"elements":[],"widgetType":"wd_title"},{"id":"b1f2662","elType":"widget","settings":{"text":"<p><em>I should be incapable of drawing a single stroke at the present moment; and yet I feel that I never was a greater artist than now.<\/em><\/p>","typography_typography":"custom","typography_font_size":{"unit":"px","size":16,"sizes":[]},"width":{"unit":"px","size":449,"sizes":[]},"scroll_y":-80},"elements":[],"widgetType":"wd_text_block"}],"isInner":""},{"id":"34177f2a","elType":"column","settings":{"_column_size":"50","column_sticky_offset":"50","scroll_y":"-80"},"elements":[{"id":"474f5181","elType":"widget","settings":{"youtube_url":"https:\/\/www.youtube.com\/watch?v=XHOmBV4js_E","vimeo_url":"https:\/\/vimeo.com\/235215203","dailymotion_url":"https:\/\/www.dailymotion.com\/video\/x6tqhqb","controls":"","show_image_overlay":"yes","image_overlay":{"id":4422,"url":"http:\/\/dummy.xtemos.com\/woodmart2\/elementor\/wp-content\/uploads\/sites\/2\/2021\/10\/about-us-3-video-2.jpg","alt":"","source":"library"},"_margin":{"unit":"px","top":"0","right":"0","bottom":"10","left":"0","isLinked":""},"scroll_y":"-80","wd_theme_style":"theme-style"},"elements":[],"widgetType":"video"},{"id":"32e86781","elType":"widget","settings":{"subtitle":"","title":"Design &amp; development process demonstration","after_title":"","align":"left","title_typography_typography":"custom","title_typography_font_size":{"unit":"px","size":"24","sizes":[]},"scroll_y":"-80"},"elements":[],"widgetType":"wd_title"},{"id":"d06be5b","elType":"widget","settings":{"text":"<p><em>A wonderful serenity has taken possession of my entire soul,like these sweet mornings of spring which I enjoy with my whole heart.<\/em><\/p>","typography_typography":"custom","typography_font_size":{"unit":"px","size":16,"sizes":[]},"width":{"unit":"px","size":461,"sizes":[]},"scroll_y":-80},"elements":[],"widgetType":"wd_text_block"}],"isInner":""}],"isInner":""}]]]></wp:meta_value>
						</wp:postmeta>
												<wp:postmeta>
							<wp:meta_key><![CDATA[_elementor_page_assets]]></wp:meta_key>
							<wp:meta_value><![CDATA[a:0:{}]]></wp:meta_value>
						</wp:postmeta>
												<wp:postmeta>
							<wp:meta_key><![CDATA[_oembed_f8a21e0e6a462ed42bd0798b2950cb9c]]></wp:meta_key>
							<wp:meta_value><![CDATA[<iframe title="Video Placeholder" width="500" height="281" src="https://www.youtube.com/embed/XHOmBV4js_E?feature=oembed" frameborder="0" allow="accelerometer; autoplay; clipboard-write; encrypted-media; gyroscope; picture-in-picture" allowfullscreen></iframe>]]></wp:meta_value>
						</wp:postmeta>
												<wp:postmeta>
							<wp:meta_key><![CDATA[_oembed_time_f8a21e0e6a462ed42bd0798b2950cb9c]]></wp:meta_key>
							<wp:meta_value><![CDATA[1634053959]]></wp:meta_value>
						</wp:postmeta>
												<wp:postmeta>
							<wp:meta_key><![CDATA[_elementor_controls_usage]]></wp:meta_key>
							<wp:meta_value><![CDATA[a:11:{s:8:"wd_title";a:3:{s:5:"count";i:6;s:15:"control_percent";i:3;s:8:"controls";a:3:{s:7:"content";a:1:{s:23:"general_content_section";a:3:{s:8:"subtitle";i:6;s:5:"title";i:6;s:11:"after_title";i:6;}}s:5:"style";a:4:{s:21:"general_style_section";a:4:{s:4:"size";i:4;s:5:"align";i:5;s:5:"color";i:4;s:5:"width";i:1;}s:22:"subtitle_style_section";a:2:{s:30:"subtitle_typography_typography";i:4;s:31:"subtitle_typography_font_weight";i:4;}s:18:"text_style_section";a:3:{s:10:"text_color";i:1;s:26:"text_typography_typography";i:1;s:25:"text_typography_font_size";i:1;}s:19:"title_style_section";a:2:{s:27:"title_typography_typography";i:2;s:26:"title_typography_font_size";i:2;}}s:8:"advanced";a:1:{s:8:"wd_extra";a:1:{s:8:"scroll_y";i:6;}}}}s:6:"column";a:3:{s:5:"count";i:21;s:15:"control_percent";i:1;s:8:"controls";a:3:{s:8:"advanced";a:2:{s:8:"wd_extra";a:2:{s:20:"column_sticky_offset";i:21;s:8:"scroll_y";i:21;}s:16:"section_advanced";a:2:{s:6:"margin";i:3;s:7:"padding";i:6;}}s:6:"layout";a:1:{s:6:"layout";a:2:{s:16:"content_position";i:1;s:5:"align";i:1;}}s:5:"style";a:2:{s:14:"wd_extra_style";a:1:{s:15:"wd_color_scheme";i:1;}s:14:"section_border";a:3:{s:13:"border_border";i:3;s:12:"border_width";i:6;s:12:"border_color";i:6;}}}}s:10:"wd_infobox";a:3:{s:5:"count";i:2;s:15:"control_percent";i:4;s:8:"controls";a:3:{s:7:"content";a:2:{s:20:"icon_content_section";a:1:{s:9:"icon_text";i:2;}s:15:"content_section";a:3:{s:8:"subtitle";i:2;s:5:"title";i:2;s:7:"content";i:2;}}s:5:"style";a:3:{s:21:"general_style_section";a:1:{s:9:"alignment";i:2;}s:21:"content_style_section";a:2:{s:29:"content_typography_typography";i:2;s:28:"content_typography_font_size";i:2;}s:22:"button_content_section";a:3:{s:8:"btn_size";i:2;s:9:"btn_color";i:2;s:9:"btn_style";i:2;}}s:8:"advanced";a:1:{s:8:"wd_extra";a:1:{s:8:"scroll_y";i:2;}}}}s:7:"section";a:3:{s:5:"count";i:10;s:15:"control_percent";i:1;s:8:"controls";a:3:{s:6:"layout";a:3:{s:14:"section_layout";a:2:{s:3:"gap";i:6;s:16:"content_position";i:2;}s:15:"wd_extra_layout";a:1:{s:18:"wd_section_stretch";i:2;}s:17:"section_structure";a:1:{s:9:"structure";i:8;}}s:5:"style";a:2:{s:18:"section_background";a:6:{s:21:"background_background";i:2;s:16:"background_color";i:1;s:16:"background_image";i:1;s:19:"background_position";i:1;s:17:"background_repeat";i:1;s:15:"background_size";i:1;}s:14:"section_border";a:3:{s:13:"border_border";i:3;s:12:"border_width";i:3;s:12:"border_color";i:3;}}s:8:"advanced";a:2:{s:16:"section_advanced";a:2:{s:6:"margin";i:6;s:7:"padding";i:3;}s:19:"_section_responsive";a:2:{s:20:"reverse_order_tablet";i:1;s:20:"reverse_order_mobile";i:1;}}}}s:15:"wd_image_or_svg";a:3:{s:5:"count";i:1;s:15:"control_percent";i:1;s:8:"controls";a:1:{s:7:"content";a:1:{s:23:"general_content_section";a:1:{s:5:"image";i:1;}}}}s:13:"wd_text_block";a:3:{s:5:"count";i:4;s:15:"control_percent";i:2;s:8:"controls";a:2:{s:7:"content";a:1:{s:23:"general_content_section";a:4:{s:4:"text";i:4;s:21:"typography_typography";i:3;s:20:"typography_font_size";i:3;s:5:"width";i:2;}}s:8:"advanced";a:2:{s:14:"_section_style";a:1:{s:7:"_margin";i:2;}s:17:"_section_position";a:1:{s:14:"_element_width";i:1;}}}}s:17:"wd_social_buttons";a:3:{s:5:"count";i:1;s:15:"control_percent";i:4;s:8:"controls";a:2:{s:5:"style";a:1:{s:21:"general_style_section";a:3:{s:4:"size";i:1;s:5:"align";i:1;s:5:"style";i:1;}}s:8:"advanced";a:3:{s:8:"wd_extra";a:1:{s:8:"scroll_y";i:1;}s:17:"_section_position";a:1:{s:14:"_element_width";i:1;}s:19:"_section_responsive";a:1:{s:11:"hide_mobile";i:1;}}}}s:14:"wd_team_member";a:3:{s:5:"count";i:4;s:15:"control_percent";i:7;s:8:"controls";a:3:{s:7:"content";a:2:{s:23:"general_content_section";a:5:{s:5:"image";i:4;s:10:"image_size";i:4;s:4:"name";i:4;s:8:"position";i:4;s:7:"content";i:4;}s:21:"links_content_section";a:1:{s:5:"skype";i:4;}}s:5:"style";a:2:{s:21:"general_style_section";a:1:{s:5:"align";i:4;}s:21:"buttons_style_section";a:2:{s:4:"size";i:4;s:5:"style";i:4;}}s:8:"advanced";a:2:{s:14:"_section_style";a:1:{s:7:"_margin";i:4;}s:8:"wd_extra";a:1:{s:8:"scroll_y";i:4;}}}}s:9:"wd_button";a:3:{s:5:"count";i:1;s:15:"control_percent";i:3;s:8:"controls";a:3:{s:7:"content";a:1:{s:23:"general_content_section";a:1:{s:4:"text";i:1;}}s:5:"style";a:1:{s:21:"general_style_section";a:3:{s:5:"style";i:1;s:5:"color";i:1;s:5:"align";i:1;}}s:8:"advanced";a:1:{s:8:"wd_extra";a:1:{s:8:"scroll_y";i:1;}}}}s:10:"wd_counter";a:3:{s:5:"count";i:6;s:15:"control_percent";i:4;s:8:"controls";a:3:{s:5:"style";a:1:{s:21:"general_style_section";a:4:{s:4:"size";i:6;s:27:"value_typography_typography";i:6;s:28:"value_typography_font_weight";i:6;s:12:"color_scheme";i:6;}}s:7:"content";a:1:{s:23:"general_content_section";a:2:{s:5:"label";i:6;s:5:"value";i:6;}}s:8:"advanced";a:1:{s:8:"wd_extra";a:1:{s:8:"scroll_y";i:6;}}}}s:5:"video";a:3:{s:5:"count";i:2;s:15:"control_percent";i:3;s:8:"controls";a:3:{s:7:"content";a:2:{s:13:"section_video";a:1:{s:8:"controls";i:2;}s:21:"section_image_overlay";a:2:{s:18:"show_image_overlay";i:2;s:13:"image_overlay";i:2;}}s:8:"advanced";a:2:{s:14:"_section_style";a:1:{s:7:"_margin";i:2;}s:8:"wd_extra";a:1:{s:8:"scroll_y";i:2;}}s:5:"style";a:1:{s:19:"section_video_style";a:1:{s:14:"wd_theme_style";i:2;}}}}}]]></wp:meta_value>
						</wp:postmeta>
												<wp:postmeta>
							<wp:meta_key><![CDATA[wd_page_css_files]]></wp:meta_key>
							<wp:meta_value><![CDATA[a:4:{i:0;s:5:"wpcf7";i:1;s:16:"mc4wp-deprecated";i:2;s:5:"mc4wp";i:3;s:17:"revolution-slider";}]]></wp:meta_value>
						</wp:postmeta>
										</item>
								<item>
					<title><![CDATA[about-us-3-image-1]]></title>
					<link>http://dummy.xtemos.com/woodmart2/elementor/about-us-3/about-us-3-image-1/</link>
					<pubDate>Tue, 12 Oct 2021 15:54:17 +0000</pubDate>
					<dc:creator><![CDATA[zakhar]]></dc:creator>
					<guid isPermaLink="false">http://dummy.xtemos.com/woodmart2/elementor/wp-content/uploads/sites/2/2021/10/about-us-3-image-1.jpg</guid>
															<wp:post_id>4408</wp:post_id>
					<wp:post_date><![CDATA[2021-10-12 15:54:17]]></wp:post_date>
					<wp:post_date_gmt><![CDATA[2021-10-12 15:54:17]]></wp:post_date_gmt>
					<wp:post_modified><![CDATA[2021-10-12 15:54:17]]></wp:post_modified>
					<wp:post_modified_gmt><![CDATA[2021-10-12 15:54:17]]></wp:post_modified_gmt>
					<wp:comment_status><![CDATA[open]]></wp:comment_status>
					<wp:post_name><![CDATA[about-us-3-image-1]]></wp:post_name>
					<wp:status><![CDATA[inherit]]></wp:status>
					<wp:post_parent>4400</wp:post_parent>
					<wp:menu_order>0</wp:menu_order>
					<wp:post_type><![CDATA[attachment]]></wp:post_type>
											<wp:attachment_url><![CDATA[http://dummy.xtemos.com/woodmart2/elementor/wp-content/uploads/sites/2/2021/10/about-us-3-image-1.jpg]]></wp:attachment_url>
																					<wp:postmeta>
							<wp:meta_key><![CDATA[_wp_attached_file]]></wp:meta_key>
							<wp:meta_value><![CDATA[2021/10/about-us-3-image-1.jpg]]></wp:meta_value>
						</wp:postmeta>
										</item>
								<item>
					<title><![CDATA[about-us-3-team-member-1]]></title>
					<link>http://dummy.xtemos.com/woodmart2/elementor/about-us-3/about-us-3-team-member-1/</link>
					<pubDate>Tue, 12 Oct 2021 16:03:14 +0000</pubDate>
					<dc:creator><![CDATA[zakhar]]></dc:creator>
					<guid isPermaLink="false">http://dummy.xtemos.com/woodmart2/elementor/wp-content/uploads/sites/2/2021/10/about-us-3-team-member-1.jpg</guid>
															<wp:post_id>4416</wp:post_id>
					<wp:post_date><![CDATA[2021-10-12 16:03:14]]></wp:post_date>
					<wp:post_date_gmt><![CDATA[2021-10-12 16:03:14]]></wp:post_date_gmt>
					<wp:post_modified><![CDATA[2021-10-12 16:03:14]]></wp:post_modified>
					<wp:post_modified_gmt><![CDATA[2021-10-12 16:03:14]]></wp:post_modified_gmt>
					<wp:comment_status><![CDATA[open]]></wp:comment_status>
					<wp:post_name><![CDATA[about-us-3-team-member-1]]></wp:post_name>
					<wp:status><![CDATA[inherit]]></wp:status>
					<wp:post_parent>4400</wp:post_parent>
					<wp:menu_order>0</wp:menu_order>
					<wp:post_type><![CDATA[attachment]]></wp:post_type>
											<wp:attachment_url><![CDATA[http://dummy.xtemos.com/woodmart2/elementor/wp-content/uploads/sites/2/2021/10/about-us-3-team-member-1.jpg]]></wp:attachment_url>
																					<wp:postmeta>
							<wp:meta_key><![CDATA[_wp_attached_file]]></wp:meta_key>
							<wp:meta_value><![CDATA[2021/10/about-us-3-team-member-1.jpg]]></wp:meta_value>
						</wp:postmeta>
										</item>
								<item>
					<title><![CDATA[about-us-3-team-member-2]]></title>
					<link>http://dummy.xtemos.com/woodmart2/elementor/about-us-3/about-us-3-team-member-2/</link>
					<pubDate>Tue, 12 Oct 2021 16:03:16 +0000</pubDate>
					<dc:creator><![CDATA[zakhar]]></dc:creator>
					<guid isPermaLink="false">http://dummy.xtemos.com/woodmart2/elementor/wp-content/uploads/sites/2/2021/10/about-us-3-team-member-2.jpg</guid>
															<wp:post_id>4417</wp:post_id>
					<wp:post_date><![CDATA[2021-10-12 16:03:16]]></wp:post_date>
					<wp:post_date_gmt><![CDATA[2021-10-12 16:03:16]]></wp:post_date_gmt>
					<wp:post_modified><![CDATA[2021-10-12 16:03:16]]></wp:post_modified>
					<wp:post_modified_gmt><![CDATA[2021-10-12 16:03:16]]></wp:post_modified_gmt>
					<wp:comment_status><![CDATA[open]]></wp:comment_status>
					<wp:post_name><![CDATA[about-us-3-team-member-2]]></wp:post_name>
					<wp:status><![CDATA[inherit]]></wp:status>
					<wp:post_parent>4400</wp:post_parent>
					<wp:menu_order>0</wp:menu_order>
					<wp:post_type><![CDATA[attachment]]></wp:post_type>
											<wp:attachment_url><![CDATA[http://dummy.xtemos.com/woodmart2/elementor/wp-content/uploads/sites/2/2021/10/about-us-3-team-member-2.jpg]]></wp:attachment_url>
																					<wp:postmeta>
							<wp:meta_key><![CDATA[_wp_attached_file]]></wp:meta_key>
							<wp:meta_value><![CDATA[2021/10/about-us-3-team-member-2.jpg]]></wp:meta_value>
						</wp:postmeta>
										</item>
								<item>
					<title><![CDATA[about-us-3-team-member-3]]></title>
					<link>http://dummy.xtemos.com/woodmart2/elementor/about-us-3/about-us-3-team-member-3/</link>
					<pubDate>Tue, 12 Oct 2021 16:03:17 +0000</pubDate>
					<dc:creator><![CDATA[zakhar]]></dc:creator>
					<guid isPermaLink="false">http://dummy.xtemos.com/woodmart2/elementor/wp-content/uploads/sites/2/2021/10/about-us-3-team-member-3.jpg</guid>
															<wp:post_id>4418</wp:post_id>
					<wp:post_date><![CDATA[2021-10-12 16:03:17]]></wp:post_date>
					<wp:post_date_gmt><![CDATA[2021-10-12 16:03:17]]></wp:post_date_gmt>
					<wp:post_modified><![CDATA[2021-10-12 16:03:17]]></wp:post_modified>
					<wp:post_modified_gmt><![CDATA[2021-10-12 16:03:17]]></wp:post_modified_gmt>
					<wp:comment_status><![CDATA[open]]></wp:comment_status>
					<wp:post_name><![CDATA[about-us-3-team-member-3]]></wp:post_name>
					<wp:status><![CDATA[inherit]]></wp:status>
					<wp:post_parent>4400</wp:post_parent>
					<wp:menu_order>0</wp:menu_order>
					<wp:post_type><![CDATA[attachment]]></wp:post_type>
											<wp:attachment_url><![CDATA[http://dummy.xtemos.com/woodmart2/elementor/wp-content/uploads/sites/2/2021/10/about-us-3-team-member-3.jpg]]></wp:attachment_url>
																					<wp:postmeta>
							<wp:meta_key><![CDATA[_wp_attached_file]]></wp:meta_key>
							<wp:meta_value><![CDATA[2021/10/about-us-3-team-member-3.jpg]]></wp:meta_value>
						</wp:postmeta>
										</item>
								<item>
					<title><![CDATA[about-us-3-team-member-4]]></title>
					<link>http://dummy.xtemos.com/woodmart2/elementor/about-us-3/about-us-3-team-member-4/</link>
					<pubDate>Tue, 12 Oct 2021 16:03:18 +0000</pubDate>
					<dc:creator><![CDATA[zakhar]]></dc:creator>
					<guid isPermaLink="false">http://dummy.xtemos.com/woodmart2/elementor/wp-content/uploads/sites/2/2021/10/about-us-3-team-member-4.jpg</guid>
															<wp:post_id>4419</wp:post_id>
					<wp:post_date><![CDATA[2021-10-12 16:03:18]]></wp:post_date>
					<wp:post_date_gmt><![CDATA[2021-10-12 16:03:18]]></wp:post_date_gmt>
					<wp:post_modified><![CDATA[2021-10-12 16:03:18]]></wp:post_modified>
					<wp:post_modified_gmt><![CDATA[2021-10-12 16:03:18]]></wp:post_modified_gmt>
					<wp:comment_status><![CDATA[open]]></wp:comment_status>
					<wp:post_name><![CDATA[about-us-3-team-member-4]]></wp:post_name>
					<wp:status><![CDATA[inherit]]></wp:status>
					<wp:post_parent>4400</wp:post_parent>
					<wp:menu_order>0</wp:menu_order>
					<wp:post_type><![CDATA[attachment]]></wp:post_type>
											<wp:attachment_url><![CDATA[http://dummy.xtemos.com/woodmart2/elementor/wp-content/uploads/sites/2/2021/10/about-us-3-team-member-4.jpg]]></wp:attachment_url>
																					<wp:postmeta>
							<wp:meta_key><![CDATA[_wp_attached_file]]></wp:meta_key>
							<wp:meta_value><![CDATA[2021/10/about-us-3-team-member-4.jpg]]></wp:meta_value>
						</wp:postmeta>
										</item>
								<item>
					<title><![CDATA[about-us-3-bg]]></title>
					<link>http://dummy.xtemos.com/woodmart2/elementor/about-us-3/about-us-3-bg/</link>
					<pubDate>Tue, 12 Oct 2021 16:04:14 +0000</pubDate>
					<dc:creator><![CDATA[zakhar]]></dc:creator>
					<guid isPermaLink="false">http://dummy.xtemos.com/woodmart2/elementor/wp-content/uploads/sites/2/2021/10/about-us-3-bg.jpg</guid>
															<wp:post_id>4420</wp:post_id>
					<wp:post_date><![CDATA[2021-10-12 16:04:14]]></wp:post_date>
					<wp:post_date_gmt><![CDATA[2021-10-12 16:04:14]]></wp:post_date_gmt>
					<wp:post_modified><![CDATA[2021-10-12 16:04:14]]></wp:post_modified>
					<wp:post_modified_gmt><![CDATA[2021-10-12 16:04:14]]></wp:post_modified_gmt>
					<wp:comment_status><![CDATA[open]]></wp:comment_status>
					<wp:post_name><![CDATA[about-us-3-bg]]></wp:post_name>
					<wp:status><![CDATA[inherit]]></wp:status>
					<wp:post_parent>4400</wp:post_parent>
					<wp:menu_order>0</wp:menu_order>
					<wp:post_type><![CDATA[attachment]]></wp:post_type>
											<wp:attachment_url><![CDATA[http://dummy.xtemos.com/woodmart2/elementor/wp-content/uploads/sites/2/2021/10/about-us-3-bg.jpg]]></wp:attachment_url>
																					<wp:postmeta>
							<wp:meta_key><![CDATA[_wp_attached_file]]></wp:meta_key>
							<wp:meta_value><![CDATA[2021/10/about-us-3-bg.jpg]]></wp:meta_value>
						</wp:postmeta>
										</item>
								<item>
					<title><![CDATA[about-us-3-video-1]]></title>
					<link>http://dummy.xtemos.com/woodmart2/elementor/about-us-3/about-us-3-video-1/</link>
					<pubDate>Tue, 12 Oct 2021 16:05:27 +0000</pubDate>
					<dc:creator><![CDATA[zakhar]]></dc:creator>
					<guid isPermaLink="false">http://dummy.xtemos.com/woodmart2/elementor/wp-content/uploads/sites/2/2021/10/about-us-3-video-1.jpg</guid>
															<wp:post_id>4421</wp:post_id>
					<wp:post_date><![CDATA[2021-10-12 16:05:27]]></wp:post_date>
					<wp:post_date_gmt><![CDATA[2021-10-12 16:05:27]]></wp:post_date_gmt>
					<wp:post_modified><![CDATA[2021-10-12 16:05:27]]></wp:post_modified>
					<wp:post_modified_gmt><![CDATA[2021-10-12 16:05:27]]></wp:post_modified_gmt>
					<wp:comment_status><![CDATA[open]]></wp:comment_status>
					<wp:post_name><![CDATA[about-us-3-video-1]]></wp:post_name>
					<wp:status><![CDATA[inherit]]></wp:status>
					<wp:post_parent>4400</wp:post_parent>
					<wp:menu_order>0</wp:menu_order>
					<wp:post_type><![CDATA[attachment]]></wp:post_type>
											<wp:attachment_url><![CDATA[http://dummy.xtemos.com/woodmart2/elementor/wp-content/uploads/sites/2/2021/10/about-us-3-video-1.jpg]]></wp:attachment_url>
																					<wp:postmeta>
							<wp:meta_key><![CDATA[_wp_attached_file]]></wp:meta_key>
							<wp:meta_value><![CDATA[2021/10/about-us-3-video-1.jpg]]></wp:meta_value>
						</wp:postmeta>
										</item>
								<item>
					<title><![CDATA[about-us-3-video-2]]></title>
					<link>http://dummy.xtemos.com/woodmart2/elementor/about-us-3/about-us-3-video-2/</link>
					<pubDate>Tue, 12 Oct 2021 16:05:37 +0000</pubDate>
					<dc:creator><![CDATA[zakhar]]></dc:creator>
					<guid isPermaLink="false">http://dummy.xtemos.com/woodmart2/elementor/wp-content/uploads/sites/2/2021/10/about-us-3-video-2.jpg</guid>
															<wp:post_id>4422</wp:post_id>
					<wp:post_date><![CDATA[2021-10-12 16:05:37]]></wp:post_date>
					<wp:post_date_gmt><![CDATA[2021-10-12 16:05:37]]></wp:post_date_gmt>
					<wp:post_modified><![CDATA[2021-10-12 16:05:37]]></wp:post_modified>
					<wp:post_modified_gmt><![CDATA[2021-10-12 16:05:37]]></wp:post_modified_gmt>
					<wp:comment_status><![CDATA[open]]></wp:comment_status>
					<wp:post_name><![CDATA[about-us-3-video-2]]></wp:post_name>
					<wp:status><![CDATA[inherit]]></wp:status>
					<wp:post_parent>4400</wp:post_parent>
					<wp:menu_order>0</wp:menu_order>
					<wp:post_type><![CDATA[attachment]]></wp:post_type>
											<wp:attachment_url><![CDATA[http://dummy.xtemos.com/woodmart2/elementor/wp-content/uploads/sites/2/2021/10/about-us-3-video-2.jpg]]></wp:attachment_url>
																					<wp:postmeta>
							<wp:meta_key><![CDATA[_wp_attached_file]]></wp:meta_key>
							<wp:meta_value><![CDATA[2021/10/about-us-3-video-2.jpg]]></wp:meta_value>
						</wp:postmeta>
										</item>
				</channel>
</rss>
	