<?xml version="1.0" encoding="UTF-8" ?>
	<!-- This is a WordPress eXtended RSS file generated by WordPress as an export of your site. -->
	<!-- It contains information about your site's posts, pages, comments, categories, and other content. -->
	<!-- You may use this file to transfer that content from one site to another. -->
	<!-- This file is not intended to serve as a complete backup of your site. -->

	<!-- To import this information into a WordPress site follow these steps: -->
	<!-- 1. Log in to that site as an administrator. -->
	<!-- 2. Go to Tools: Import in the WordPress admin panel. -->
	<!-- 3. Install the "WordPress" importer from the list. -->
	<!-- 4. Activate & Run Importer. -->
	<!-- 5. Upload this file using the form provided on that page. -->
	<!-- 6. You will first be asked to map the authors in this export file to users -->
	<!--    on the site. For each author, you may choose to map to an -->
	<!--    existing user on the site or to create a new user. -->
	<!-- 7. WordPress will then import each of the posts, pages, comments, categories, etc. -->
	<!--    contained in this file into your site. -->

	<!-- generator="WordPress/5.8.1" created="2021-11-04 13:29" -->
<rss version="2.0"
	xmlns:excerpt="http://wordpress.org/export/1.2/excerpt/"
	xmlns:content="http://purl.org/rss/1.0/modules/content/"
	xmlns:wfw="http://wellformedweb.org/CommentAPI/"
	xmlns:dc="http://purl.org/dc/elements/1.1/"
	xmlns:wp="http://wordpress.org/export/1.2/"
>

<channel>
	<title>Elementor 2.0 WoodMart dummy</title>
	<link>http://dummy.xtemos.com/woodmart2/elementor</link>
	<description>Just another WoodMart Dummy 2.0 Sites site</description>
	<pubDate>Thu, 04 Nov 2021 13:29:55 +0000</pubDate>
	<language>en-US</language>
	<wp:wxr_version>1.2</wp:wxr_version>
	<wp:base_site_url>http://dummy.xtemos.com/woodmart2/</wp:base_site_url>
	<wp:base_blog_url>http://dummy.xtemos.com/woodmart2/elementor</wp:base_blog_url>

		<wp:author><wp:author_id>2</wp:author_id><wp:author_login><![CDATA[zakhar]]></wp:author_login><wp:author_email><![CDATA[zak@asda.as]]></wp:author_email><wp:author_display_name><![CDATA[Mr. Mackay]]></wp:author_display_name><wp:author_first_name><![CDATA[sds]]></wp:author_first_name><wp:author_last_name><![CDATA[scssc]]></wp:author_last_name></wp:author>

					<wp:term>
			<wp:term_id>0</wp:term_id>
			<wp:term_taxonomy><![CDATA[]]></wp:term_taxonomy>
			<wp:term_slug><![CDATA[]]></wp:term_slug>
			<wp:term_parent><![CDATA[]]></wp:term_parent>
					</wp:term>
		
	<generator>https://wordpress.org/?v=5.8.1</generator>

					<item>
					<title><![CDATA[Old About us]]></title>
					<link>http://dummy.xtemos.com/woodmart2/elementor/about-us/</link>
					<pubDate>Thu, 04 Nov 2021 12:46:53 +0000</pubDate>
					<dc:creator><![CDATA[zakhar]]></dc:creator>
					<guid isPermaLink="false">http://dummy.xtemos.com/woodmart2/elementor/?page_id=8472</guid>
											<content:encoded><![CDATA[<p>XTEMOS IS A CREATIVE DESIGN AGENCY</p>
				<h4>Our success and company history.</h4> 
					A wonderful serenity has taken possession of my entire soul, like these sweet mornings of spring which I enjoy with my whole heart.				
			<a  href="#">
					 SEE PROJECTS 				
							</a>
			<a  href="#">
					VIEW MORE				
							</a>
				<h4>About Our Online Store</h4> 
			<p>WOODMART - BEST ECOMMERCE THEME 2020/21</p>
			<p><em>Risus suspendisse a orci penatibus a felis suscipit consectetur vestibulum sodales dui cum ultricies lacus interdum. Per suspendisse adipiscing a suspendisse auctor nibh a et at curae condimentum suspendisse enim a eu scelerisque.</em></p>
		<p>One morning, when Gregor Samsa woke from troubled dreams, he found himself transformed in his bed into a horrible vermin. He lay on his armour-like back, and if he lifted his head a little he could see his brown belly, slightly domed and divided by arches into stiff.</p><p>Dictumst per ante cras suscipit nascetur ullamcorper in nullam fermentum condimentum torquent iaculis reden posuere potenti viverra condimentum dictumst id tellus suspendisse convallis condimentum.</p><p>His room, a proper human room although a little too small, lay peacefully between its four familiar walls. A collection of textile samples lay spread out on the table - Samsa was a travelling salesman.</p><p>The bedding was hardly able to cover it and seemed ready to slide off any moment. His many legs, pitifully thin compared with the size of the rest of him, waved about helplessly as he looked. "What's happened to me?" he thought. It wasn't a dream.</p>		
			<a href="#"><strong><em>Developed by Xtemos Studio @ 2021.</em></strong></a>
									<a rel="noopener noreferrer nofollow" href="https://www.facebook.com/sharer/sharer.php?u=http://dummy.xtemos.com/woodmart2/elementor/about-us/" target="_blank" aria-label="Facebook social link">
											</a>
									<a rel="noopener noreferrer nofollow" href="https://twitter.com/share?url=http://dummy.xtemos.com/woodmart2/elementor/about-us/" target="_blank" aria-label="Twitter social link">
											</a>
									<a rel="noopener noreferrer nofollow" href="https://pinterest.com/pin/create/button/?url=http://dummy.xtemos.com/woodmart2/elementor/about-us/&media=http://dummy.xtemos.com/woodmart2/elementor/wp-includes/images/media/default.png&description=Old+About+us" target="_blank" aria-label="Pinterest social link">
											</a>
									<a rel="noopener noreferrer nofollow" href="https://www.linkedin.com/shareArticle?mini=true&url=http://dummy.xtemos.com/woodmart2/elementor/about-us/" target="_blank" aria-label="Linkedin social link">
											</a>
									<a rel="noopener noreferrer nofollow" href="https://telegram.me/share/url?url=http://dummy.xtemos.com/woodmart2/elementor/about-us/" target="_blank" aria-label="Telegram social link">
											</a>
				386			
					SATISFIED CLIENTS				
				275			
					FINISHED PROJECTS				
				15			
					TEAM MEMBERS				
				4			
					OFFICES				
				255			
					SATISFIED CLIENTS				
				156			
					DESIGN WORKS				
				<h4>We convert your idea Into a reality.</h4> 
			<p>WOODMART - BEST ECOMMERCE THEME 2020/21</p>
			<p>One morning, when Gregor Samsa woke from troubled dreams, he found himself transformed in his bed into a horrible vermin. He lay on his armour-like back, and if he lifted his head a little he could see his brown belly, slightly domed and divided by arches into stiff His room, a proper human room although a little too smalls.</p>
			<a  href="#">
					 SEE PROJECTS 				
							</a>
			<a  href="#">
					VIEW MORE				
							</a>
				<h4>Let’s Get Creative!</h4> 
			<p>WOODMART - BEST ECOMMERCE THEME 2020/21</p>
															<img src="http://dummy.xtemos.com/woodmart2/elementor/wp-content/uploads/sites/2/elementor/thumbs/about-us-ruler-pfkimyoh7qex1rws6ifdknqavw3qa2hwz7ma8i97i4.png" title="about-us-ruler" alt="about-us-ruler" />													
											<h4						class="info-box-title title box-title-style-default wd-fontsize-s" data-elementor-setting-key="title">
								GRAPHIC DESIGN						</h4>
						<p>Curabitur lacinia tristique velit ut laoreet.</p>
															<img src="http://dummy.xtemos.com/woodmart2/elementor/wp-content/uploads/sites/2/elementor/thumbs/about-us-pen-pfkimwssu2ccejzihhm4fo7dp4czuoagaybb9ybzuk.png" title="about-us-pen" alt="about-us-pen" />													
											<h4						class="info-box-title title box-title-style-default wd-fontsize-s" data-elementor-setting-key="title">
								WEB DESIGN						</h4>
						<p>By the readable content of a page when its layout.</p>
															<img src="http://dummy.xtemos.com/woodmart2/elementor/wp-content/uploads/sites/2/elementor/thumbs/about-us-paint-palette-pfkimvuyn8b22y0vmz7hv6fx3qhmmz6pytntsode0s.png" title="about-us-paint-palette" alt="about-us-paint-palette" />													
											<h4						class="info-box-title title box-title-style-default wd-fontsize-s" data-elementor-setting-key="title">
								BRANDING						</h4>
						<p>Fact that a reader will be distracted.</p>
															<img src="http://dummy.xtemos.com/woodmart2/elementor/wp-content/uploads/sites/2/elementor/thumbs/about-us-ruler-2-pfkimzmbekg7ddvf10u055hrh9z3hrlnbc9rps7tbw.png" title="about-us-ruler-2" alt="about-us-ruler-2" />													
											<h4						class="info-box-title title box-title-style-default wd-fontsize-s" data-elementor-setting-key="title">
								PHOTOGRAPHY						</h4>
						<p>The point of using Lorem Ipsum is that it has it.</p>
													<a  href="http://dummy.xtemos.com/woodmart2/elementor/wp-content/uploads/sites/2/2021/11/old-about-us-image-1.jpg"data-width="500" data-height="643" data-index="1" data-elementor-open-lightbox="no" title="old-about-us-image-1">
						<img src="http://dummy.xtemos.com/woodmart2/elementor/wp-content/uploads/sites/2/elementor/thumbs/old-about-us-image-1-pfkiok0s17evwqha5t8v6nqaj5jqhdkixw78f9zshs.jpg"alt="old-about-us-image-1">
													</a>
													<a  href="http://dummy.xtemos.com/woodmart2/elementor/wp-content/uploads/sites/2/2021/11/old-about-us-image-2.jpg"data-width="500" data-height="643" data-index="2" data-elementor-open-lightbox="no" title="old-about-us-image-2">
						<img src="http://dummy.xtemos.com/woodmart2/elementor/wp-content/uploads/sites/2/elementor/thumbs/old-about-us-image-2-pfkiolwgevhgjyejuu24bn97pxagwrrzm5i7dtx05c.jpg"alt="old-about-us-image-2">
													</a>
			<p>XTEMOS IS A CREATIVE DESIGN AGENCY</p>
				<h4>Our Presentation</h4> 
					I am so happy, my dear friend, so absorbed in the exquisite sense of mere tranquil existence, that I neglect my talents. I should be incapable of drawing a single.				
		https://vimeo.com/235215203		
				<h4>Our company history and facts</h4> 
			<a  href="#">
					Show more				
							</a>
		https://vimeo.com/235215203		
				<h4>Design &amp; development process demonstration</h4> 
			<a  href="#">
					Show more				
							</a>
			<p>WOODMART - BEST ECOMMERCE THEME 2020/21</p>
				<h4>''Excellence is not a skill it's an attitude'' - Ralph Marston</h4> 
			<p>A wonderful serenity has taken possession of my entire soul, like these sweet mornings of spring which I enjoy with my whole heart. I am alone, and feel the charm of existence in this spot, which was created for the bliss of souls like mine.</p>
			<a href="#"><strong><em>Developed by Xtemos Studio @ 2021.</em></strong></a>
						<img width="400" height="600" src="http://dummy.xtemos.com/woodmart2/elementor/wp-content/uploads/sites/2/2021/11/old-team-member-1.jpg" alt="" loading="lazy" srcset="http://dummy.xtemos.com/woodmart2/elementor/wp-content/uploads/sites/2/2021/11/old-team-member-1.jpg 400w, http://dummy.xtemos.com/woodmart2/elementor/wp-content/uploads/sites/2/2021/11/old-team-member-1-200x300.jpg 200w, http://dummy.xtemos.com/woodmart2/elementor/wp-content/uploads/sites/2/2021/11/old-team-member-1-130x195.jpg 130w" sizes="(max-width: 400px) 100vw, 400px" />					
									<h4>
						MARK JANCE					</h4>
						CEO / FOUNDER					
															<a rel="noopener noreferrer nofollow" href="#">
								</a>
															<a rel="noopener noreferrer nofollow" href="#">
								</a>
															<a rel="noopener noreferrer nofollow" href="#">
								</a>
															<a rel="noopener noreferrer nofollow" href="#">
								</a>
															<a rel="noopener noreferrer nofollow" href="#">
								</a>
						<img width="400" height="600" src="http://dummy.xtemos.com/woodmart2/elementor/wp-content/uploads/sites/2/2021/11/old-team-member-2.jpg" alt="" loading="lazy" srcset="http://dummy.xtemos.com/woodmart2/elementor/wp-content/uploads/sites/2/2021/11/old-team-member-2.jpg 400w, http://dummy.xtemos.com/woodmart2/elementor/wp-content/uploads/sites/2/2021/11/old-team-member-2-200x300.jpg 200w, http://dummy.xtemos.com/woodmart2/elementor/wp-content/uploads/sites/2/2021/11/old-team-member-2-130x195.jpg 130w" sizes="(max-width: 400px) 100vw, 400px" />					
									<h4>
						MARK JANCE					</h4>
						CEO / FOUNDER					
															<a rel="noopener noreferrer nofollow" href="#">
								</a>
															<a rel="noopener noreferrer nofollow" href="#">
								</a>
															<a rel="noopener noreferrer nofollow" href="#">
								</a>
															<a rel="noopener noreferrer nofollow" href="#">
								</a>
															<a rel="noopener noreferrer nofollow" href="#">
								</a>
						<img width="400" height="600" src="http://dummy.xtemos.com/woodmart2/elementor/wp-content/uploads/sites/2/2021/11/old-team-member-3.jpg" alt="" loading="lazy" srcset="http://dummy.xtemos.com/woodmart2/elementor/wp-content/uploads/sites/2/2021/11/old-team-member-3.jpg 400w, http://dummy.xtemos.com/woodmart2/elementor/wp-content/uploads/sites/2/2021/11/old-team-member-3-200x300.jpg 200w, http://dummy.xtemos.com/woodmart2/elementor/wp-content/uploads/sites/2/2021/11/old-team-member-3-130x195.jpg 130w" sizes="(max-width: 400px) 100vw, 400px" />					
									<h4>
						MARK JANCE					</h4>
						CEO / FOUNDER					
															<a rel="noopener noreferrer nofollow" href="#">
								</a>
															<a rel="noopener noreferrer nofollow" href="#">
								</a>
															<a rel="noopener noreferrer nofollow" href="#">
								</a>
															<a rel="noopener noreferrer nofollow" href="#">
								</a>
															<a rel="noopener noreferrer nofollow" href="#">
								</a>
						<img width="400" height="600" src="http://dummy.xtemos.com/woodmart2/elementor/wp-content/uploads/sites/2/2021/11/old-team-member-4.jpg" alt="" loading="lazy" srcset="http://dummy.xtemos.com/woodmart2/elementor/wp-content/uploads/sites/2/2021/11/old-team-member-4.jpg 400w, http://dummy.xtemos.com/woodmart2/elementor/wp-content/uploads/sites/2/2021/11/old-team-member-4-200x300.jpg 200w, http://dummy.xtemos.com/woodmart2/elementor/wp-content/uploads/sites/2/2021/11/old-team-member-4-130x195.jpg 130w" sizes="(max-width: 400px) 100vw, 400px" />					
									<h4>
						MARK JANCE					</h4>
						CEO / FOUNDER					
															<a rel="noopener noreferrer nofollow" href="#">
								</a>
															<a rel="noopener noreferrer nofollow" href="#">
								</a>
															<a rel="noopener noreferrer nofollow" href="#">
								</a>
															<a rel="noopener noreferrer nofollow" href="#">
								</a>
															<a rel="noopener noreferrer nofollow" href="#">
								</a>
			<p>GET IN TOUCH WITH US</p>
				<h4>Get Connected</h4> 
					I am so happy, my dear friend, so absorbed in the exquisite sense of mere tranquil existence, that I neglect my talents. I should be incapable of drawing a single.				
											<h4						class="info-box-title title box-title-style-default wd-fontsize-s" data-elementor-setting-key="title">
								NEW YORK						</h4>
						<p>113 New Avenue, Roadway,<br />
67 Brewer St, London, United Kingdom</p>
			<p><strong>Phone:</strong> +23 954 355 255<br /><strong>Email:</strong> xtemos@gmail.com</p>
											<h4						class="info-box-title title box-title-style-default wd-fontsize-s" data-elementor-setting-key="title">
								PARIS						</h4>
						<p>113 New Avenue, Roadway,<br />
67 Brewer St, London, United Kingdom</p>
			<p><strong>Phone:</strong> +23 954 355 255<br /><strong>Email:</strong> xtemos@gmail.com</p>
											<h4						class="info-box-title title box-title-style-default wd-fontsize-s" data-elementor-setting-key="title">
								LONDON						</h4>
						<p>113 New Avenue, Roadway,<br />
67 Brewer St, London, United Kingdom</p>
			<p><strong>Phone:</strong> +23 954 355 255<br /><strong>Email:</strong> xtemos@gmail.com</p>
											<h4						class="info-box-title title box-title-style-default wd-fontsize-s" data-elementor-setting-key="title">
								NORWAY						</h4>
						<p>113 New Avenue, Roadway,<br />
67 Brewer St, London, United Kingdom</p>
			<p><strong>Phone:</strong> +23 954 355 255<br /><strong>Email:</strong> xtemos@gmail.com</p>
							<img width="600" height="400" src="http://dummy.xtemos.com/woodmart2/elementor/wp-content/uploads/sites/2/2021/11/old-about-us-banner-1.jpg" alt="" loading="lazy" srcset="http://dummy.xtemos.com/woodmart2/elementor/wp-content/uploads/sites/2/2021/11/old-about-us-banner-1.jpg 600w, http://dummy.xtemos.com/woodmart2/elementor/wp-content/uploads/sites/2/2021/11/old-about-us-banner-1-400x267.jpg 400w, http://dummy.xtemos.com/woodmart2/elementor/wp-content/uploads/sites/2/2021/11/old-about-us-banner-1-430x287.jpg 430w, http://dummy.xtemos.com/woodmart2/elementor/wp-content/uploads/sites/2/2021/11/old-about-us-banner-1-130x87.jpg 130w" sizes="(max-width: 600px) 100vw, 600px" />						
															<h4 data-elementor-setting-key="title">
									It is a fact that a reader will be distracted.								</h4>
								<p>Ullamcorper vehicula at ultrices sed interdum et malesuada</p>
			<a >
					Read more				
							</a>
							<img width="600" height="400" src="http://dummy.xtemos.com/woodmart2/elementor/wp-content/uploads/sites/2/2021/11/old-about-us-banner-2.jpg" alt="" loading="lazy" srcset="http://dummy.xtemos.com/woodmart2/elementor/wp-content/uploads/sites/2/2021/11/old-about-us-banner-2.jpg 600w, http://dummy.xtemos.com/woodmart2/elementor/wp-content/uploads/sites/2/2021/11/old-about-us-banner-2-400x267.jpg 400w, http://dummy.xtemos.com/woodmart2/elementor/wp-content/uploads/sites/2/2021/11/old-about-us-banner-2-430x287.jpg 430w, http://dummy.xtemos.com/woodmart2/elementor/wp-content/uploads/sites/2/2021/11/old-about-us-banner-2-130x87.jpg 130w" sizes="(max-width: 600px) 100vw, 600px" />						
															<h4 data-elementor-setting-key="title">
									By the readable content of a page when looking.								</h4>
								<p>Patibus elementum a dictum ipiscing parturient donec eros.</p>
			<a >
					Read more				
							</a>
							<img width="600" height="400" src="http://dummy.xtemos.com/woodmart2/elementor/wp-content/uploads/sites/2/2021/11/old-about-us-banner-3.jpg" alt="" loading="lazy" srcset="http://dummy.xtemos.com/woodmart2/elementor/wp-content/uploads/sites/2/2021/11/old-about-us-banner-3.jpg 600w, http://dummy.xtemos.com/woodmart2/elementor/wp-content/uploads/sites/2/2021/11/old-about-us-banner-3-400x267.jpg 400w, http://dummy.xtemos.com/woodmart2/elementor/wp-content/uploads/sites/2/2021/11/old-about-us-banner-3-430x287.jpg 430w, http://dummy.xtemos.com/woodmart2/elementor/wp-content/uploads/sites/2/2021/11/old-about-us-banner-3-130x87.jpg 130w" sizes="(max-width: 600px) 100vw, 600px" />						
															<h4 data-elementor-setting-key="title">
									The point of using Lorem Ipsum is that it has.								</h4>
								<p>Ullamcorper vehicula at ultrices sed interdum ullamcorper .</p>
			<a >
					Read more				
							</a>]]></content:encoded>
															<wp:post_id>8472</wp:post_id>
					<wp:post_date><![CDATA[2021-11-04 12:46:53]]></wp:post_date>
					<wp:post_date_gmt><![CDATA[2021-11-04 12:46:53]]></wp:post_date_gmt>
					<wp:post_modified><![CDATA[2021-11-04 13:26:24]]></wp:post_modified>
					<wp:post_modified_gmt><![CDATA[2021-11-04 13:26:24]]></wp:post_modified_gmt>
					<wp:comment_status><![CDATA[closed]]></wp:comment_status>
					<wp:post_name><![CDATA[about-us]]></wp:post_name>
					<wp:status><![CDATA[publish]]></wp:status>
					<wp:post_parent>0</wp:post_parent>
					<wp:menu_order>0</wp:menu_order>
					<wp:post_type><![CDATA[page]]></wp:post_type>
																					<wp:postmeta>
							<wp:meta_key><![CDATA[_woodmart_whb_header]]></wp:meta_key>
							<wp:meta_value><![CDATA[header_764078]]></wp:meta_value>
						</wp:postmeta>
												<wp:postmeta>
							<wp:meta_key><![CDATA[_woodmart_title_image]]></wp:meta_key>
							<wp:meta_value><![CDATA[a:2:{s:3:"url";s:0:"";s:2:"id";s:0:"";}]]></wp:meta_value>
						</wp:postmeta>
												<wp:postmeta>
							<wp:meta_key><![CDATA[_woodmart_page-title-size]]></wp:meta_key>
							<wp:meta_value><![CDATA[inherit]]></wp:meta_value>
						</wp:postmeta>
												<wp:postmeta>
							<wp:meta_key><![CDATA[_woodmart_main_layout]]></wp:meta_key>
							<wp:meta_value><![CDATA[full-width]]></wp:meta_value>
						</wp:postmeta>
												<wp:postmeta>
							<wp:meta_key><![CDATA[_woodmart_prefooter_off]]></wp:meta_key>
							<wp:meta_value><![CDATA[on]]></wp:meta_value>
						</wp:postmeta>
												<wp:postmeta>
							<wp:meta_key><![CDATA[_elementor_edit_mode]]></wp:meta_key>
							<wp:meta_value><![CDATA[builder]]></wp:meta_value>
						</wp:postmeta>
												<wp:postmeta>
							<wp:meta_key><![CDATA[_elementor_template_type]]></wp:meta_key>
							<wp:meta_value><![CDATA[wp-page]]></wp:meta_value>
						</wp:postmeta>
												<wp:postmeta>
							<wp:meta_key><![CDATA[_elementor_version]]></wp:meta_key>
							<wp:meta_value><![CDATA[3.4.3]]></wp:meta_value>
						</wp:postmeta>
												<wp:postmeta>
							<wp:meta_key><![CDATA[_wp_page_template]]></wp:meta_key>
							<wp:meta_value><![CDATA[default]]></wp:meta_value>
						</wp:postmeta>
												<wp:postmeta>
							<wp:meta_key><![CDATA[_elementor_data]]></wp:meta_key>
							<wp:meta_value><![CDATA[[{"id":"5f0e3d6","elType":"section","settings":{"wd_section_stretch":"stretch","el_class":"opacity-video-bg","background_background":"classic","background_color":"#0a0a0a","background_size":"cover","background_repeat":"no-repeat","gap":"no","margin":{"unit":"px","top":"0","right":"0","bottom":"80","left":"0","isLinked":""},"padding":{"unit":"px","top":"320","right":"15","bottom":"250","left":"15","isLinked":false},"margin_mobile":{"unit":"px","top":"0","right":"0","bottom":"60","left":"0","isLinked":""},"background_image":{"url":"http:\/\/dummy.xtemos.com\/woodmart2\/elementor\/wp-content\/uploads\/sites\/2\/2021\/11\/old-about-us-bg.jpg","id":8481,"alt":"","source":"library"},"background_position":"center center"},"elements":[{"id":"4e7dc1e9","elType":"column","settings":{"_column_size":"100","el_class":"text-center","content_position":"center","align":"center","padding":{"unit":"%","top":"","right":"","bottom":"","left":"","isLinked":true},"column_sticky_offset":"50","scroll_y":"-80","padding_tablet":{"unit":"%","top":"","right":"","bottom":"","left":"","isLinked":true},"padding_mobile":{"unit":"%","top":"","right":"","bottom":"","left":"","isLinked":true}},"elements":[{"id":"915b99c","elType":"widget","settings":{"text":"<p>XTEMOS IS A CREATIVE DESIGN AGENCY<\/p>","text_color_scheme":"light","text_alignment":"center","typography_typography":"custom","typography_font_family":"Poppins","typography_font_size":{"unit":"px","size":16,"sizes":[]},"typography_font_weight":"600","_margin":{"unit":"px","top":"0","right":"0","bottom":"-10","left":"0","isLinked":false},"scroll_y":-80,"hide_tablet":"hidden-tablet","hide_mobile":"hidden-mobile"},"elements":[],"widgetType":"wd_text_block"},{"id":"637581a8","elType":"widget","settings":{"subtitle":"","after_title":"A wonderful serenity has taken possession of my entire soul, like these sweet mornings of spring which I enjoy with my whole heart.","image_size":"custom","width":{"size":"40","unit":"%"},"color":"white","size":"extra-large","title":"Our success and company history.","subtitle_typography_font_family":"Poppins","subtitle_typography_font_size":{"unit":"px","size":"16","sizes":[]},"subtitle_typography_font_weight":"600","_margin":{"unit":"px","top":"0","right":"0","bottom":"10","left":"0","isLinked":""},"scroll_y":"-80","width_tablet":{"unit":"%","size":"60","sizes":[]},"width_mobile":{"unit":"%","size":"100","sizes":[]}},"elements":[],"widgetType":"wd_title"},{"id":"261b0e8c","elType":"widget","settings":{"color":"white","_element_width":"auto","text":" SEE PROJECTS ","_margin":{"unit":"px","top":"0","right":"7","bottom":"0","left":"7","isLinked":""},"scroll_y":"-80"},"elements":[],"widgetType":"wd_button"},{"id":"18cfa2a0","elType":"widget","settings":{"color":"white","style":"bordered","_element_width":"auto","text":"VIEW MORE","scroll_y":"-80","_margin":{"unit":"px","top":"0","right":"7","bottom":"0","left":"7","isLinked":false}},"elements":[],"widgetType":"wd_button"}],"isInner":""}],"isInner":""},{"id":"6b04c637","elType":"section","settings":{"content_width":{"unit":"px","size":"800","sizes":[]},"margin":{"unit":"px","top":"0","right":"0","bottom":"70","left":"0","isLinked":""},"margin_mobile":{"unit":"px","top":"0","right":"0","bottom":"60","left":"0","isLinked":""}},"elements":[{"id":"5bd0e1ba","elType":"column","settings":{"_column_size":"100","column_sticky_offset":"50","scroll_y":"-80"},"elements":[{"id":"6f31b43b","elType":"widget","settings":{"subtitle":"","after_title":"","image_size":"custom","size":"extra-large","align":"left","title":"About Our Online Store","scroll_y":"-80"},"elements":[],"widgetType":"wd_title"},{"id":"5e6939a","elType":"widget","settings":{"text":"<p>WOODMART - BEST ECOMMERCE THEME 2020\/21<\/p>","typography_typography":"custom","typography_font_size":{"unit":"px","size":20,"sizes":[]},"_margin":{"unit":"px","top":"-25","right":"0","bottom":"0","left":"0","isLinked":false},"scroll_y":-80,"hide_tablet":"hidden-tablet","hide_mobile":"hidden-mobile"},"elements":[],"widgetType":"wd_text_block"},{"id":"dd731e2","elType":"widget","settings":{"text":"<p><em>Risus suspendisse a orci penatibus a felis suscipit consectetur vestibulum sodales dui cum ultricies lacus interdum. Per suspendisse adipiscing a suspendisse auctor nibh a et at curae condimentum suspendisse enim a eu scelerisque.<\/em><\/p>","typography_typography":"custom","typography_font_size":{"unit":"px","size":22,"sizes":[]},"typography_font_weight":"300","scroll_y":-80},"elements":[],"widgetType":"wd_text_block"},{"id":"2be8ec7f","elType":"widget","settings":{"editor":"<p class=\"text-larger\">One morning, when Gregor Samsa woke from troubled dreams, he found himself transformed in his bed into a horrible vermin. He lay on his armour-like back, and if he lifted his head a little he could see his brown belly, slightly domed and divided by arches into stiff.<\/p><p class=\"text-larger\">Dictumst per ante cras suscipit nascetur ullamcorper in nullam fermentum condimentum torquent iaculis reden posuere potenti viverra condimentum dictumst id tellus suspendisse convallis condimentum.<\/p><p class=\"text-larger\">His room, a proper human room although a little too small, lay peacefully between its four familiar walls. A collection of textile samples lay spread out on the table - Samsa was a travelling salesman.<\/p><p class=\"text-larger\">The bedding was hardly able to cover it and seemed ready to slide off any moment. His many legs, pitifully thin compared with the size of the rest of him, waved about helplessly as he looked. \"What's happened to me?\" he thought.\u00a0It wasn't a dream.<\/p>","text_columns":"2","column_gap":{"unit":"px","size":"30","sizes":[]},"_padding":{"unit":"px","top":"0","right":"0","bottom":"20","left":"0","isLinked":""},"scroll_y":"-80","_border_border":"solid","_border_width":{"unit":"px","top":"0","right":"0","bottom":"1","left":"0","isLinked":""},"_border_color":"rgba(10, 10, 10, 0.12)","text_columns_mobile":"1"},"elements":[],"widgetType":"text-editor"},{"id":"27b39ecc","elType":"section","settings":{"content_position":"middle"},"elements":[{"id":"15813bb5","elType":"column","settings":{"_column_size":"100","content_position":"center","align":"space-between","column_sticky_offset":"50","scroll_y":"-80"},"elements":[{"id":"4290d6d","elType":"widget","settings":{"text":"<a href=\"http:\/\/xtemos.com\"><strong><em>Developed by <span style=\"color: #cd1d1d;\">X<\/span>temos Studio @ 2021.<\/em><\/strong><\/a>","_margin_mobile":{"unit":"px","top":"0","right":"0","bottom":"10","left":"0","isLinked":false},"scroll_y":-80,"_element_width":"auto"},"elements":[],"widgetType":"wd_text_block"},{"id":"606eb0c8","elType":"widget","settings":{"size":"small","style":"bordered","align":"right","scroll_y":"-80","_element_width":"auto","_margin_mobile":{"unit":"px","top":"0","right":"0","bottom":"0","left":"-5","isLinked":false}},"elements":[],"widgetType":"wd_social_buttons"}],"isInner":"1"}],"isInner":"1"}],"isInner":""}],"isInner":""},{"id":"28940b87","elType":"section","settings":{"equal_height":"yes","content_position":"middle","structure":"20","gap":"extended","wd_section_stretch":"stretch","background_background":"classic","background_image":{"id":8482,"url":"http:\/\/dummy.xtemos.com\/woodmart2\/elementor\/wp-content\/uploads\/sites\/2\/2021\/11\/old-about-us-bg-2.jpg","alt":"","source":"library"},"margin":{"unit":"px","top":"0","right":"0","bottom":"100","left":"0","isLinked":""},"padding":{"unit":"px","top":"80","right":"15","bottom":"80","left":"15","isLinked":""},"padding_tablet":{"unit":"px","top":"80","right":"15","bottom":"80","left":"15","isLinked":""},"margin_mobile":{"unit":"px","top":"0","right":"0","bottom":"60","left":"0","isLinked":""},"padding_mobile":{"unit":"px","top":"60","right":"15","bottom":"60","left":"15","isLinked":""},"margin_tablet":{"unit":"px","top":"0","right":"0","bottom":"80","left":"0","isLinked":false}},"elements":[{"id":"672fdb88","elType":"column","settings":{"_column_size":"50","wd_color_scheme":"light","column_sticky_offset":"50","scroll_y":"-80"},"elements":[{"id":"4c986168","elType":"section","settings":{"_border_width":{"top":"0","left":"0","right":"0","bottom":"1","unit":"px","isLinked":""},"_border_border":"solid","_border_color":"rgba(255,255,255,0.3)","structure":"20","gap":"no","border_border":"solid","border_width":{"unit":"px","top":"0","right":"0","bottom":"1","left":"0","isLinked":""},"border_color":"rgba(255, 255, 255, 0.30196078431372547)"},"elements":[{"id":"2b419a88","elType":"column","settings":{"_column_size":"50","_border_width":{"top":"0","left":"0","right":"1","bottom":"0","unit":"px","isLinked":""},"_border_border":"solid","_border_color":"rgba(255,255,255,0.3)","_inline_size_tablet":"50","_inline_size_mobile":"50","border_border":"solid","border_width":{"unit":"px","top":"0","right":"1","bottom":"0","left":"0","isLinked":""},"border_color":"rgba(255, 255, 255, 0.30196078431372547)","padding":{"unit":"px","top":"30","right":"30","bottom":"30","left":"30","isLinked":"1"},"column_sticky_offset":"50","scroll_y":"-80","padding_mobile":{"unit":"px","top":"30","right":"15","bottom":"30","left":"40","isLinked":""}},"elements":[{"id":"3b6267ed","elType":"widget","settings":{"size":"large","label":"SATISFIED CLIENTS","value":"386","value_typography_typography":"custom","value_typography_font_weight":"600","color_scheme":"light","scroll_y":"-80"},"elements":[],"widgetType":"wd_counter"}],"isInner":"1"},{"id":"7655cce3","elType":"column","settings":{"_column_size":"50","_inline_size_tablet":"50","_inline_size_mobile":"50","border_width":{"unit":"px","top":"0","right":"1","bottom":"0","left":"0","isLinked":""},"border_color":"rgba(255, 255, 255, 0.30196078431372547)","padding":{"unit":"px","top":"30","right":"30","bottom":"30","left":"30","isLinked":"1"},"column_sticky_offset":"50","scroll_y":"-80","padding_mobile":{"unit":"px","top":"30","right":"40","bottom":"30","left":"15","isLinked":""}},"elements":[{"id":"73fbdb14","elType":"widget","settings":{"size":"large","label":"FINISHED PROJECTS","value":"275","value_typography_typography":"custom","value_typography_font_weight":"600","color_scheme":"light","scroll_y":"-80"},"elements":[],"widgetType":"wd_counter"}],"isInner":""}],"isInner":"1"},{"id":"1be88e46","elType":"section","settings":{"_border_width":{"top":"0","left":"0","right":"0","bottom":"1","unit":"px","isLinked":""},"_border_border":"solid","_border_color":"rgba(255,255,255,0.3)","structure":"20","gap":"no","border_border":"solid","border_width":{"unit":"px","top":"0","right":"0","bottom":"1","left":"0","isLinked":""},"border_color":"rgba(255, 255, 255, 0.30196078431372547)"},"elements":[{"id":"2266a8af","elType":"column","settings":{"_column_size":"50","_border_width":{"top":"0","left":"0","right":"1","bottom":"0","unit":"px","isLinked":""},"_border_border":"solid","_border_color":"rgba(255,255,255,0.3)","_inline_size_tablet":"50","_inline_size_mobile":"50","border_border":"solid","border_width":{"unit":"px","top":"0","right":"1","bottom":"0","left":"0","isLinked":""},"border_color":"rgba(255, 255, 255, 0.30196078431372547)","padding":{"unit":"px","top":"30","right":"30","bottom":"30","left":"30","isLinked":"1"},"column_sticky_offset":"50","scroll_y":"-80","padding_mobile":{"unit":"px","top":"30","right":"15","bottom":"30","left":"40","isLinked":""}},"elements":[{"id":"7e2bd940","elType":"widget","settings":{"size":"large","label":"TEAM MEMBERS","value":"15","value_typography_typography":"custom","value_typography_font_weight":"600","color_scheme":"light","scroll_y":"-80"},"elements":[],"widgetType":"wd_counter"}],"isInner":"1"},{"id":"48f23803","elType":"column","settings":{"_column_size":"50","_inline_size_tablet":"50","_inline_size_mobile":"50","border_width":{"unit":"px","top":"0","right":"1","bottom":"0","left":"0","isLinked":""},"border_color":"rgba(255, 255, 255, 0.30196078431372547)","padding":{"unit":"px","top":"30","right":"30","bottom":"30","left":"30","isLinked":"1"},"column_sticky_offset":"50","scroll_y":"-80","padding_mobile":{"unit":"px","top":"30","right":"40","bottom":"30","left":"15","isLinked":""}},"elements":[{"id":"3007afe5","elType":"widget","settings":{"size":"large","label":"OFFICES","value":"4","value_typography_typography":"custom","value_typography_font_weight":"600","color_scheme":"light","scroll_y":"-80"},"elements":[],"widgetType":"wd_counter"}],"isInner":""}],"isInner":"1"},{"id":"547ac3ae","elType":"section","settings":{"structure":"20","gap":"no"},"elements":[{"id":"1de795b3","elType":"column","settings":{"_column_size":"50","_border_width":{"top":"0","left":"0","right":"1","bottom":"0","unit":"px","isLinked":""},"_border_border":"solid","_border_color":"rgba(255,255,255,0.3)","_inline_size_tablet":"50","_inline_size_mobile":"50","border_border":"solid","border_width":{"unit":"px","top":"0","right":"1","bottom":"0","left":"0","isLinked":""},"border_color":"rgba(255, 255, 255, 0.30196078431372547)","padding":{"unit":"px","top":"30","right":"30","bottom":"30","left":"30","isLinked":"1"},"column_sticky_offset":"50","scroll_y":"-80","padding_mobile":{"unit":"px","top":"30","right":"15","bottom":"30","left":"40","isLinked":""}},"elements":[{"id":"49a6e0b3","elType":"widget","settings":{"size":"large","label":"SATISFIED CLIENTS","value":"255","value_typography_typography":"custom","value_typography_font_weight":"600","color_scheme":"light","scroll_y":"-80"},"elements":[],"widgetType":"wd_counter"}],"isInner":"1"},{"id":"46591da2","elType":"column","settings":{"_column_size":"50","_inline_size_tablet":"50","_inline_size_mobile":"50","border_width":{"unit":"px","top":"0","right":"1","bottom":"0","left":"0","isLinked":""},"border_color":"rgba(255, 255, 255, 0.30196078431372547)","padding":{"unit":"px","top":"30","right":"30","bottom":"30","left":"30","isLinked":"1"},"column_sticky_offset":"50","scroll_y":"-80","padding_mobile":{"unit":"px","top":"30","right":"40","bottom":"30","left":"15","isLinked":""}},"elements":[{"id":"103ced0","elType":"widget","settings":{"size":"large","label":"DESIGN WORKS","value":"156","value_typography_typography":"custom","value_typography_font_weight":"600","color_scheme":"light","scroll_y":"-80"},"elements":[],"widgetType":"wd_counter"}],"isInner":""}],"isInner":"1"}],"isInner":""},{"id":"1efbe34f","elType":"column","settings":{"_column_size":"50","padding":{"unit":"px","top":"10","right":"30","bottom":"10","left":"30","isLinked":""},"column_sticky_offset":"50","scroll_y":"-80","padding_tablet":{"unit":"px","top":"10","right":"35","bottom":"10","left":"35","isLinked":""},"padding_mobile":{"unit":"px","top":"10","right":"25","bottom":"10","left":"25","isLinked":""}},"elements":[{"id":"7a9a92d","elType":"widget","settings":{"subtitle":"","after_title":"","image_size":"custom","width":{"unit":"%","size":"80","sizes":[]},"color":"white","size":"extra-large","align":"left","title":"We convert your idea Into a reality.","scroll_y":"-80","width_tablet":{"unit":"%","size":"95","sizes":[]}},"elements":[],"widgetType":"wd_title"},{"id":"13efb9b","elType":"widget","settings":{"text":"<p>WOODMART - BEST ECOMMERCE THEME 2020\/21<\/p>","text_color_scheme":"light","typography_typography":"custom","typography_font_size":{"unit":"px","size":20,"sizes":[]},"_margin":{"unit":"px","top":"-25","right":"0","bottom":"0","left":"0","isLinked":false},"scroll_y":-80,"hide_tablet":"hidden-tablet","hide_mobile":"hidden-mobile"},"elements":[],"widgetType":"wd_text_block"},{"id":"e04ce66","elType":"widget","settings":{"text":"<p>One morning, when Gregor Samsa woke from troubled dreams, he found himself transformed in his bed into a horrible vermin. He lay on his armour-like back, and if he lifted his head a little he could see his brown belly, slightly domed and divided by arches into stiff His room, a proper human room although a little too smalls.<\/p>","text_color_scheme":"light","typography_typography":"custom","typography_font_size":{"unit":"px","size":15,"sizes":[]},"typography_font_size_tablet":{"unit":"px","size":14,"sizes":[]},"_margin_tablet":{"unit":"px","top":"0","right":"0","bottom":"5","left":"0","isLinked":false},"scroll_y":-80},"elements":[],"widgetType":"wd_text_block"},{"id":"58a9e496","elType":"widget","settings":{"color":"white","_element_width":"auto","text":" SEE PROJECTS ","_margin":{"unit":"px","top":"0","right":"15","bottom":"0","left":"0","isLinked":""},"scroll_y":"-80"},"elements":[],"widgetType":"wd_button"},{"id":"71cd8aa5","elType":"widget","settings":{"color":"white","style":"bordered","_element_width":"auto","text":"VIEW MORE","scroll_y":"-80"},"elements":[],"widgetType":"wd_button"}],"isInner":""}],"isInner":""},{"id":"3916b3ae","elType":"section","settings":{"equal_height":"yes","content_position":"middle","structure":"20","gap":"extended","margin":{"unit":"px","top":"0","right":"0","bottom":"90","left":"0","isLinked":""},"margin_tablet":{"unit":"px","top":"0","right":"0","bottom":"80","left":"0","isLinked":false},"margin_mobile":{"unit":"px","top":"0","right":"0","bottom":"60","left":"0","isLinked":false}},"elements":[{"id":"542a6fe0","elType":"column","settings":{"_column_size":"50","column_sticky_offset":"50","scroll_y":"-80","_inline_size_tablet":"100"},"elements":[{"id":"5490bca9","elType":"widget","settings":{"subtitle":"","after_title":"","image_size":"custom","size":"extra-large","align":"left","title":"Let\u2019s Get Creative!","scroll_y":"-80"},"elements":[],"widgetType":"wd_title"},{"id":"19e3c59","elType":"widget","settings":{"text":"<p>WOODMART - BEST ECOMMERCE THEME 2020\/21<\/p>","typography_typography":"custom","typography_font_size":{"unit":"px","size":20,"sizes":[]},"_margin":{"unit":"px","top":"-25","right":"0","bottom":"0","left":"0","isLinked":false},"scroll_y":-80,"hide_tablet":"hidden-tablet","hide_mobile":"hidden-mobile"},"elements":[],"widgetType":"wd_text_block"},{"id":"694bf919","elType":"section","settings":{"structure":"20"},"elements":[{"id":"3bab624b","elType":"column","settings":{"_column_size":"50","column_sticky_offset":"50","scroll_y":"-80","padding":{"unit":"px","top":"0","right":"15","bottom":"0","left":"10","isLinked":false},"padding_mobile":{"unit":"px","top":"0","right":"10","bottom":"0","left":"10","isLinked":false}},"elements":[{"id":"28971ef3","elType":"widget","settings":{"icon_type":"icon","alignment":"left","btn_text":"","image_size":"custom","subtitle":"","title":"GRAPHIC DESIGN","btn_position":"hover","image":{"id":8506,"url":"http:\/\/dummy.xtemos.com\/woodmart2\/elementor\/wp-content\/uploads\/sites\/2\/2021\/11\/about-us-ruler.png","alt":"","source":"library"},"title_size":"small","image_alignment":"left","image_custom_dimension":{"width":"70","height":"70"},"content":"Curabitur lacinia tristique velit ut laoreet.","icon_text":"53","_margin":{"unit":"px","top":"0","right":"0","bottom":"20","left":"0","isLinked":""},"scroll_y":"-80"},"elements":[],"widgetType":"wd_infobox"},{"id":"57e1b679","elType":"widget","settings":{"icon_type":"icon","alignment":"left","btn_text":"","image_size":"custom","subtitle":"","title":"WEB DESIGN","btn_position":"hover","image":{"id":8505,"url":"http:\/\/dummy.xtemos.com\/woodmart2\/elementor\/wp-content\/uploads\/sites\/2\/2021\/11\/about-us-pen.png","alt":"","source":"library"},"title_size":"small","image_alignment":"left","image_custom_dimension":{"width":"70","height":"70"},"content":"By the readable content of a page when its layout.","icon_text":"53","_margin":{"unit":"px","top":"0","right":"0","bottom":"20","left":"0","isLinked":""},"scroll_y":"-80"},"elements":[],"widgetType":"wd_infobox"}],"isInner":"1"},{"id":"72d7fe15","elType":"column","settings":{"_column_size":"50","column_sticky_offset":"50","scroll_y":"-80","padding":{"unit":"px","top":"0","right":"10","bottom":"0","left":"15","isLinked":false},"padding_mobile":{"unit":"px","top":"0","right":"10","bottom":"0","left":"10","isLinked":false}},"elements":[{"id":"4ecff98e","elType":"widget","settings":{"icon_type":"icon","alignment":"left","btn_text":"","image_size":"custom","subtitle":"","title":"BRANDING","btn_position":"hover","image":{"id":8504,"url":"http:\/\/dummy.xtemos.com\/woodmart2\/elementor\/wp-content\/uploads\/sites\/2\/2021\/11\/about-us-paint-palette.png","alt":"","source":"library"},"title_size":"small","image_alignment":"left","image_custom_dimension":{"width":"70","height":"70"},"content":"Fact that a reader will be distracted.","icon_text":"53","_margin":{"unit":"px","top":"0","right":"0","bottom":"20","left":"0","isLinked":""},"scroll_y":"-80"},"elements":[],"widgetType":"wd_infobox"},{"id":"294ad221","elType":"widget","settings":{"icon_type":"icon","alignment":"left","btn_text":"","image_size":"custom","subtitle":"","title":"PHOTOGRAPHY","btn_position":"hover","image":{"id":8507,"url":"http:\/\/dummy.xtemos.com\/woodmart2\/elementor\/wp-content\/uploads\/sites\/2\/2021\/11\/about-us-ruler-2.png","alt":"","source":"library"},"title_size":"small","image_alignment":"left","image_custom_dimension":{"width":"70","height":"70"},"content":"The point of using Lorem Ipsum is that it has it.","icon_text":"53","_margin":{"unit":"px","top":"0","right":"0","bottom":"0","left":"0","isLinked":""},"scroll_y":"-80"},"elements":[],"widgetType":"wd_infobox"}],"isInner":""}],"isInner":"1"}],"isInner":""},{"id":"3176501a","elType":"column","settings":{"_column_size":"50","background_size":"cover","background_repeat":"no-repeat","column_sticky_offset":"50","scroll_y":"-80","_inline_size_tablet":"100"},"elements":[{"id":"3c1ac4f6","elType":"widget","settings":{"ids_size":"custom","ids":[{"id":8511,"url":"http:\/\/dummy.xtemos.com\/woodmart2\/elementor\/wp-content\/uploads\/sites\/2\/2021\/11\/old-about-us-image-1.jpg"},{"id":8512,"url":"http:\/\/dummy.xtemos.com\/woodmart2\/elementor\/wp-content\/uploads\/sites\/2\/2021\/11\/old-about-us-image-2.jpg"}],"spacing":"10","columns":{"size":"2","unit":"px","sizes":[]},"caption":"yes","ids_custom_dimension":{"width":"500","height":"643"},"scroll_y":"-80"},"elements":[],"widgetType":"wd_images_gallery"}],"isInner":""}],"isInner":""},{"id":"1cad2ca8","elType":"section","settings":{"wd_section_stretch":"stretch","woodmart_disable_overflow":"1","background_background":"classic","background_color":"#111111","margin":{"unit":"px","top":"0","right":"0","bottom":"90","left":"0","isLinked":""},"padding":{"unit":"px","top":"90","right":"15","bottom":"70","left":"15","isLinked":""},"padding_tablet":{"unit":"px","top":"80","right":"15","bottom":"60","left":"15","isLinked":""},"margin_tablet":{"unit":"px","top":"0","right":"0","bottom":"90","left":"0","isLinked":""},"margin_mobile":{"unit":"px","top":"0","right":"0","bottom":"60","left":"0","isLinked":""},"padding_mobile":{"unit":"px","top":"60","right":"15","bottom":"40","left":"15","isLinked":""}},"elements":[{"id":"4b8d593d","elType":"column","settings":{"_column_size":"100","column_sticky_offset":"50","scroll_y":"-80","align":"center"},"elements":[{"id":"c4e89da","elType":"widget","settings":{"text":"<p>XTEMOS IS A CREATIVE DESIGN AGENCY<\/p>","text_color_scheme":"light","text_alignment":"center","typography_typography":"custom","typography_font_family":"Poppins","typography_font_size":{"unit":"px","size":16,"sizes":[]},"typography_font_weight":"600","_margin":{"unit":"px","top":"0","right":"0","bottom":"-10","left":"0","isLinked":false},"scroll_y":-80,"hide_tablet":"hidden-tablet","hide_mobile":"hidden-mobile"},"elements":[],"widgetType":"wd_text_block"},{"id":"19d8bf35","elType":"widget","settings":{"subtitle":"","after_title":"I am so happy, my dear friend, so absorbed in the exquisite sense of mere tranquil existence, that I neglect my talents. I should be incapable of drawing a single.","image_size":"custom","width":{"size":579,"unit":"px"},"color":"white","size":"extra-large","title":"Our Presentation","subtitle_typography_font_size":{"unit":"px","size":"16","sizes":[]},"subtitle_typography_font_weight":"600","scroll_y":"-80","width_tablet":{"unit":"%","size":"61","sizes":[]},"width_mobile":{"unit":"%","size":"100","sizes":[]}},"elements":[],"widgetType":"wd_title"},{"id":"5c27030e","elType":"section","settings":{"structure":"20","gap":"extended"},"elements":[{"id":"63882f66","elType":"column","settings":{"_column_size":"50","column_sticky_offset":"50","scroll_y":"-80","margin_mobile":{"unit":"px","top":"0","right":"0","bottom":"10","left":"0","isLinked":""}},"elements":[{"id":"55e6c80f","elType":"widget","settings":{"video_type":"vimeo","link":"https:\/\/www.youtube.com\/watch?v=TJ1SDXbij8Y","align":"center","show_image_overlay":"yes","_background_size":"cover","_background_repeat":"no-repeat","youtube_url":"https:\/\/www.youtube.com\/watch?v=XHOmBV4js_E","vimeo_url":"https:\/\/vimeo.com\/235215203","dailymotion_url":"https:\/\/www.dailymotion.com\/video\/x6tqhqb","wd_theme_style":"theme-style","scroll_y":"-80","image_overlay":{"url":"http:\/\/dummy.xtemos.com\/woodmart2\/elementor\/wp-content\/uploads\/sites\/2\/2021\/11\/old-about-us-video-1.jpg","id":8522,"alt":"","source":"library"}},"elements":[],"widgetType":"video"},{"id":"12a6dc50","elType":"widget","settings":{"subtitle":"","after_title":"","image_size":"custom","color":"white","size":"small","title":"Our company history and facts","scroll_y":"-80"},"elements":[],"widgetType":"wd_title"},{"id":"126848a3","elType":"widget","settings":{"color":"white","style":"link","text":"Show more","scroll_y":"-80"},"elements":[],"widgetType":"wd_button"}],"isInner":"1"},{"id":"36c89616","elType":"column","settings":{"_column_size":"50","column_sticky_offset":"50","scroll_y":"-80"},"elements":[{"id":"6129ddd9","elType":"widget","settings":{"video_type":"vimeo","link":"https:\/\/www.youtube.com\/watch?v=TJ1SDXbij8Y","align":"center","show_image_overlay":"yes","_background_size":"cover","_background_repeat":"no-repeat","youtube_url":"https:\/\/www.youtube.com\/watch?v=XHOmBV4js_E","vimeo_url":"https:\/\/vimeo.com\/235215203","dailymotion_url":"https:\/\/www.dailymotion.com\/video\/x6tqhqb","wd_theme_style":"theme-style","scroll_y":"-80","image_overlay":{"url":"http:\/\/dummy.xtemos.com\/woodmart2\/elementor\/wp-content\/uploads\/sites\/2\/2021\/11\/old-about-us-video-2.jpg","id":8523,"alt":"","source":"library"}},"elements":[],"widgetType":"video"},{"id":"5e50ad90","elType":"widget","settings":{"subtitle":"","after_title":"","image_size":"custom","color":"white","size":"small","title":"Design &amp; development process demonstration","scroll_y":"-80"},"elements":[],"widgetType":"wd_title"},{"id":"507738fd","elType":"widget","settings":{"color":"white","style":"link","text":"Show more","scroll_y":"-80"},"elements":[],"widgetType":"wd_button"}],"isInner":""}],"isInner":"1"}],"isInner":""}],"isInner":""},{"id":"128f77e9","elType":"section","settings":{"content_position":"middle","structure":"20","gap":"extended","margin":{"unit":"px","top":"0","right":"0","bottom":"30","left":"0","isLinked":""}},"elements":[{"id":"218eb969","elType":"column","settings":{"_column_size":"50","column_sticky_offset":"50","scroll_y":"-80","_inline_size_tablet":"100"},"elements":[{"id":"1172db4","elType":"widget","settings":{"text":"<p>WOODMART - BEST ECOMMERCE THEME 2020\/21<\/p>","typography_typography":"custom","typography_font_size":{"unit":"px","size":20,"sizes":[]},"scroll_y":-80,"_element_width":"auto","hide_tablet":"hidden-tablet","hide_mobile":"hidden-mobile"},"elements":[],"widgetType":"wd_text_block"},{"id":"25c9db6c","elType":"widget","settings":{"subtitle":"","after_title":"","image_size":"custom","size":"large","align":"left","title":"''Excellence is not a skill it's an attitude'' - Ralph Marston","scroll_y":"-80"},"elements":[],"widgetType":"wd_title"}],"isInner":""},{"id":"6069f3ca","elType":"column","settings":{"_column_size":"50","column_sticky_offset":"50","scroll_y":"-80","_inline_size_tablet":"100","margin_tablet":{"unit":"px","top":"0","right":"0","bottom":"10","left":"0","isLinked":""}},"elements":[{"id":"535f9b2","elType":"widget","settings":{"text":"<p>A wonderful serenity has taken possession of my entire soul, like these sweet mornings of spring which I enjoy with my whole heart. I am alone, and feel the charm of existence in this spot, which was created for the bliss of souls like mine.<\/p>","typography_typography":"custom","typography_font_size":{"unit":"px","size":15,"sizes":[]},"typography_font_size_tablet":{"unit":"px","size":14,"sizes":[]},"_margin_tablet":{"unit":"px","top":"0","right":"0","bottom":"5","left":"0","isLinked":false},"scroll_y":-80},"elements":[],"widgetType":"wd_text_block"},{"id":"eae9361","elType":"widget","settings":{"text":"<a href=\"http:\/\/xtemos.com\"><strong><em>Developed by <span style=\"color: #cd1d1d;\">X<\/span>temos Studio @ 2021.<\/em><\/strong><\/a>","scroll_y":-80,"_element_width":"auto"},"elements":[],"widgetType":"wd_text_block"}],"isInner":""}],"isInner":""},{"id":"620b8bce","elType":"section","settings":{"structure":"40","gap":"extended","margin":{"unit":"px","top":"0","right":"0","bottom":"65","left":"0","isLinked":""}},"elements":[{"id":"1ded96a5","elType":"column","settings":{"_column_size":"25","column_sticky_offset":"50","scroll_y":"-80","_inline_size_tablet":"50"},"elements":[{"id":"54613dac","elType":"widget","settings":{"content":"","name":"MARK JANCE","position":"CEO \/ FOUNDER","image":{"url":"http:\/\/dummy.xtemos.com\/woodmart2\/elementor\/wp-content\/uploads\/sites\/2\/2021\/11\/old-team-member-1.jpg","id":8527,"alt":"","source":"library"},"align":"center","woodmart_color_scheme":"light","layout":"hover","size":"small","style":"colored","img":"1896","facebook":"#","twitter":"#","google_plus":"#","instagram":"#","image_size":"full","linkedin":"#","skype":"#","scroll_y":"-80"},"elements":[],"widgetType":"wd_team_member"}],"isInner":""},{"id":"577f1aff","elType":"column","settings":{"_column_size":"25","column_sticky_offset":"50","scroll_y":"-80","_inline_size_tablet":"50"},"elements":[{"id":"312a6a0c","elType":"widget","settings":{"content":"","name":"MARK JANCE","position":"CEO \/ FOUNDER","image":{"url":"http:\/\/dummy.xtemos.com\/woodmart2\/elementor\/wp-content\/uploads\/sites\/2\/2021\/11\/old-team-member-2.jpg","id":8528,"alt":"","source":"library"},"align":"center","woodmart_color_scheme":"light","layout":"hover","size":"small","style":"colored","img":"1896","facebook":"#","twitter":"#","google_plus":"#","instagram":"#","image_size":"full","linkedin":"#","skype":"#","scroll_y":"-80"},"elements":[],"widgetType":"wd_team_member"}],"isInner":""},{"id":"9ad2be4","elType":"column","settings":{"_column_size":"25","column_sticky_offset":"50","scroll_y":"-80","_inline_size_tablet":"50"},"elements":[{"id":"34f1bd2b","elType":"widget","settings":{"content":"","name":"MARK JANCE","position":"CEO \/ FOUNDER","image":{"url":"http:\/\/dummy.xtemos.com\/woodmart2\/elementor\/wp-content\/uploads\/sites\/2\/2021\/11\/old-team-member-3.jpg","id":8529,"alt":"","source":"library"},"align":"center","woodmart_color_scheme":"light","layout":"hover","size":"small","style":"colored","img":"1896","facebook":"#","twitter":"#","google_plus":"#","instagram":"#","image_size":"full","linkedin":"#","skype":"#","scroll_y":"-80"},"elements":[],"widgetType":"wd_team_member"}],"isInner":""},{"id":"5a80366d","elType":"column","settings":{"_column_size":"25","column_sticky_offset":"50","scroll_y":"-80","_inline_size_tablet":"50"},"elements":[{"id":"1407d08","elType":"widget","settings":{"content":"","name":"MARK JANCE","position":"CEO \/ FOUNDER","image":{"url":"http:\/\/dummy.xtemos.com\/woodmart2\/elementor\/wp-content\/uploads\/sites\/2\/2021\/11\/old-team-member-4.jpg","id":8530,"alt":"","source":"library"},"align":"center","woodmart_color_scheme":"light","layout":"hover","size":"small","style":"colored","img":"1896","facebook":"#","twitter":"#","google_plus":"#","instagram":"#","image_size":"full","linkedin":"#","skype":"#","scroll_y":"-80"},"elements":[],"widgetType":"wd_team_member"}],"isInner":""}],"isInner":""},{"id":"36583d36","elType":"section","settings":{"wd_section_stretch":"stretch","background_background":"classic","background_color":"#111111","padding":{"unit":"px","top":"90","right":"15","bottom":"90","left":"15","isLinked":""},"padding_tablet":{"unit":"px","top":"100","right":"15","bottom":"100","left":"15","isLinked":""},"padding_mobile":{"unit":"px","top":"70","right":"15","bottom":"70","left":"15","isLinked":""}},"elements":[{"id":"26133edb","elType":"column","settings":{"_column_size":"100","column_sticky_offset":"50","scroll_y":"-80","align":"center"},"elements":[{"id":"a309196","elType":"widget","settings":{"text":"<p>GET IN TOUCH WITH US<\/p>","text_color_scheme":"light","text_alignment":"center","typography_typography":"custom","typography_font_family":"Poppins","typography_font_size":{"unit":"px","size":16,"sizes":[]},"typography_font_weight":"600","_margin":{"unit":"px","top":"0","right":"0","bottom":"-10","left":"0","isLinked":false},"scroll_y":-80,"hide_tablet":"hidden-tablet","hide_mobile":"hidden-mobile"},"elements":[],"widgetType":"wd_text_block"},{"id":"43e7f8e2","elType":"widget","settings":{"subtitle":"","after_title":"I am so happy, my dear friend, so absorbed in the exquisite sense of mere tranquil existence, that I neglect my talents. I should be incapable of drawing a single.","image_size":"custom","width":{"size":574,"unit":"px"},"color":"white","size":"extra-large","title":"Get Connected","subtitle_typography_font_size":{"unit":"px","size":"16","sizes":[]},"subtitle_typography_font_weight":"600","_margin":{"unit":"px","top":"0","right":"0","bottom":"30","left":"0","isLinked":""},"scroll_y":"-80","width_tablet":{"unit":"%","size":"61","sizes":[]},"width_mobile":{"unit":"%","size":"100","sizes":[]}},"elements":[],"widgetType":"wd_title"},{"id":"3bc2f44f","elType":"section","settings":{"gap":"extended","structure":"40"},"elements":[{"id":"476eafcb","elType":"column","settings":{"_column_size":"25","space_between_widgets":"15","column_sticky_offset":"50","scroll_y":"-80","_inline_size_tablet":"50"},"elements":[{"id":"44fd1cfb","elType":"widget","settings":{"icon_type":"icon","alignment":"left","btn_text":"","image_size":"custom","subtitle":"","title":"NEW YORK","btn_position":"hover","title_size":"small","image_alignment":"left","woodmart_color_scheme":"light","_border_width":{"top":"0","left":"0","right":"0","bottom":"1","unit":"px","isLinked":""},"_border_border":"solid","_border_color":"rgba(255,255,255,0.2)","content":"113 New Avenue, Roadway,\n67 Brewer St, London, United Kingdom","icon_text":"53","_padding":{"unit":"px","top":"0","right":"0","bottom":"15","left":"0","isLinked":""},"scroll_y":"-80"},"elements":[],"widgetType":"wd_infobox"},{"id":"4547355","elType":"widget","settings":{"text":"<p><span style=\"color: #ffffff;\"><strong>Phone:<\/strong> <\/span>+23 954 355 255<br \/><span style=\"color: #ffffff;\"><strong>Email:<\/strong><\/span> xtemos@gmail.com<\/p>","text_color_scheme":"light","scroll_y":-80},"elements":[],"widgetType":"wd_text_block"}],"isInner":"1"},{"id":"66e2cda4","elType":"column","settings":{"_column_size":"25","space_between_widgets":"15","column_sticky_offset":"50","scroll_y":"-80","_inline_size_tablet":"50"},"elements":[{"id":"376a4da1","elType":"widget","settings":{"icon_type":"icon","alignment":"left","btn_text":"","image_size":"custom","subtitle":"","title":"PARIS","btn_position":"hover","title_size":"small","image_alignment":"left","woodmart_color_scheme":"light","_border_width":{"top":"0","left":"0","right":"0","bottom":"1","unit":"px","isLinked":""},"_border_border":"solid","_border_color":"rgba(255,255,255,0.2)","content":"113 New Avenue, Roadway,\n67 Brewer St, London, United Kingdom","icon_text":"53","_padding":{"unit":"px","top":"0","right":"0","bottom":"15","left":"0","isLinked":""},"scroll_y":"-80"},"elements":[],"widgetType":"wd_infobox"},{"id":"ae4c03f","elType":"widget","settings":{"text":"<p><span style=\"color: #ffffff;\"><strong>Phone:<\/strong> <\/span>+23 954 355 255<br \/><span style=\"color: #ffffff;\"><strong>Email:<\/strong><\/span> xtemos@gmail.com<\/p>","text_color_scheme":"light","scroll_y":-80},"elements":[],"widgetType":"wd_text_block"}],"isInner":"1"},{"id":"1376ba16","elType":"column","settings":{"_column_size":"25","space_between_widgets":"15","column_sticky_offset":"50","scroll_y":"-80","_inline_size_tablet":"50"},"elements":[{"id":"6970e42d","elType":"widget","settings":{"icon_type":"icon","alignment":"left","btn_text":"","image_size":"custom","subtitle":"","title":"LONDON","btn_position":"hover","title_size":"small","image_alignment":"left","woodmart_color_scheme":"light","_border_width":{"top":"0","left":"0","right":"0","bottom":"1","unit":"px","isLinked":""},"_border_border":"solid","_border_color":"rgba(255,255,255,0.2)","content":"113 New Avenue, Roadway,\n67 Brewer St, London, United Kingdom","icon_text":"53","_padding":{"unit":"px","top":"0","right":"0","bottom":"15","left":"0","isLinked":""},"scroll_y":"-80"},"elements":[],"widgetType":"wd_infobox"},{"id":"56b89ce","elType":"widget","settings":{"text":"<p><span style=\"color: #ffffff;\"><strong>Phone:<\/strong> <\/span>+23 954 355 255<br \/><span style=\"color: #ffffff;\"><strong>Email:<\/strong><\/span> xtemos@gmail.com<\/p>","text_color_scheme":"light","scroll_y":-80},"elements":[],"widgetType":"wd_text_block"}],"isInner":"1"},{"id":"1c75558f","elType":"column","settings":{"_column_size":"25","space_between_widgets":"15","column_sticky_offset":"50","scroll_y":"-80","_inline_size_tablet":"50"},"elements":[{"id":"29d0f950","elType":"widget","settings":{"icon_type":"icon","alignment":"left","btn_text":"","image_size":"custom","subtitle":"","title":"NORWAY","btn_position":"hover","title_size":"small","image_alignment":"left","woodmart_color_scheme":"light","_border_width":{"top":"0","left":"0","right":"0","bottom":"1","unit":"px","isLinked":""},"_border_border":"solid","_border_color":"rgba(255,255,255,0.2)","content":"113 New Avenue, Roadway,\n67 Brewer St, London, United Kingdom","icon_text":"53","_padding":{"unit":"px","top":"0","right":"0","bottom":"15","left":"0","isLinked":""},"scroll_y":"-80"},"elements":[],"widgetType":"wd_infobox"},{"id":"0761398","elType":"widget","settings":{"text":"<p><span style=\"color: #ffffff;\"><strong>Phone:<\/strong> <\/span>+23 954 355 255<br \/><span style=\"color: #ffffff;\"><strong>Email:<\/strong><\/span> xtemos@gmail.com<\/p>","text_color_scheme":"light","scroll_y":-80},"elements":[],"widgetType":"wd_text_block"}],"isInner":"1"}],"isInner":"1"}],"isInner":""}],"isInner":""},{"id":"1d21ea7c","elType":"section","settings":{"wd_section_stretch":"stretch-content","gap":"no","margin":{"unit":"px","top":"0","right":"0","bottom":"-40","left":"0","isLinked":""},"padding":{"unit":"px","top":"0","right":"0","bottom":"0","left":"0","isLinked":""}},"elements":[{"id":"2ad7d0aa","elType":"column","settings":{"_column_size":"100","column_sticky_offset":"50","scroll_y":"-80"},"elements":[{"id":"77a3e4ff","elType":"widget","settings":{"slides_per_view":{"size":"3","unit":"px","sizes":[]},"slider_spacing":"0","hide_pagination_control":"yes","hide_prev_next_buttons":"yes","content_repeater":[{"_id":"2211954","image_size":"full","title":"It is a fact that a reader will be distracted.","subtitle":"","content":"Ullamcorper vehicula at ultrices sed interdum et malesuada","btn_text":"Read more","image_custom_dimension":{"width":"700","height":"450"},"vertical_alignment":"bottom","increase_spaces":"yes","link":{"url":"#","is_external":"","nofollow":"","custom_attributes":""},"image_height":{"unit":"px","size":"300","sizes":[]},"image":{"url":"http:\/\/dummy.xtemos.com\/woodmart2\/elementor\/wp-content\/uploads\/sites\/2\/2021\/11\/old-about-us-banner-1.jpg","id":8540,"alt":"","source":"library"}},{"_id":"7404092","image_size":"full","title":"By the readable content of a page when looking.","subtitle":"","content":"Patibus elementum a dictum ipiscing parturient donec\u00a0eros.","btn_text":"Read more","image_custom_dimension":{"width":"700","height":"450"},"vertical_alignment":"bottom","increase_spaces":"yes","link":{"url":"#","is_external":"","nofollow":"","custom_attributes":""},"image_height":{"unit":"px","size":"300","sizes":[]},"image":{"url":"http:\/\/dummy.xtemos.com\/woodmart2\/elementor\/wp-content\/uploads\/sites\/2\/2021\/11\/old-about-us-banner-2.jpg","id":8541,"alt":"","source":"library"}},{"_id":"9441680","image_size":"full","title":"The point of using Lorem Ipsum is that it has.","subtitle":"","content":"Ullamcorper vehicula at ultrices sed interdum\u00a0ullamcorper .","btn_text":"Read more","image_custom_dimension":{"width":"700","height":"450"},"vertical_alignment":"bottom","increase_spaces":"yes","link":{"url":"#","is_external":"","nofollow":"","custom_attributes":""},"image_height":{"unit":"px","size":"300","sizes":[]},"image":{"url":"http:\/\/dummy.xtemos.com\/woodmart2\/elementor\/wp-content\/uploads\/sites\/2\/2021\/11\/old-about-us-banner-3.jpg","id":8542,"alt":"","source":"library"}}],"style":"mask","hover":"zoom-reverse","woodmart_color_scheme":"light","title_typography_typography":"custom","title_typography_font_size":{"unit":"px","size":"38","sizes":[]},"btn_color":"primary","scroll_y":"-80","title_typography_font_size_tablet":{"unit":"px","size":"22","sizes":[]},"title_size":"large"},"elements":[],"widgetType":"wd_banner_carousel"}],"isInner":""}],"isInner":""}]]]></wp:meta_value>
						</wp:postmeta>
												<wp:postmeta>
							<wp:meta_key><![CDATA[_elementor_page_assets]]></wp:meta_key>
							<wp:meta_value><![CDATA[a:0:{}]]></wp:meta_value>
						</wp:postmeta>
												<wp:postmeta>
							<wp:meta_key><![CDATA[_oembed_992c44b3a32aec363189635e67914edf]]></wp:meta_key>
							<wp:meta_value><![CDATA[<iframe title="vimeo placeholder" src="https://player.vimeo.com/video/235215203?h=f7635d145a&amp;dnt=1&amp;app_id=122963" width="500" height="281" frameborder="0" allow="autoplay; fullscreen; picture-in-picture" allowfullscreen></iframe>]]></wp:meta_value>
						</wp:postmeta>
												<wp:postmeta>
							<wp:meta_key><![CDATA[_oembed_time_992c44b3a32aec363189635e67914edf]]></wp:meta_key>
							<wp:meta_value><![CDATA[1636030217]]></wp:meta_value>
						</wp:postmeta>
												<wp:postmeta>
							<wp:meta_key><![CDATA[_woodmart_title_off]]></wp:meta_key>
							<wp:meta_value><![CDATA[on]]></wp:meta_value>
						</wp:postmeta>
												<wp:postmeta>
							<wp:meta_key><![CDATA[_elementor_controls_usage]]></wp:meta_key>
							<wp:meta_value><![CDATA[a:13:{s:13:"wd_text_block";a:3:{s:5:"count";i:16;s:15:"control_percent";i:1;s:8:"controls";a:3:{s:7:"content";a:1:{s:23:"general_content_section";a:1:{s:4:"text";i:16;}}s:5:"style";a:2:{s:29:"style_general_content_section";a:2:{s:17:"text_color_scheme";i:9;s:14:"text_alignment";i:3;}s:31:"style_paragraph_content_section";a:4:{s:21:"typography_typography";i:10;s:22:"typography_font_family";i:3;s:20:"typography_font_size";i:10;s:22:"typography_font_weight";i:4;}}s:8:"advanced";a:3:{s:14:"_section_style";a:1:{s:7:"_margin";i:6;}s:19:"_section_responsive";a:2:{s:11:"hide_tablet";i:7;s:11:"hide_mobile";i:7;}s:17:"_section_position";a:1:{s:14:"_element_width";i:3;}}}}s:8:"wd_title";a:3:{s:5:"count";i:9;s:15:"control_percent";i:5;s:8:"controls";a:3:{s:7:"content";a:1:{s:23:"general_content_section";a:3:{s:8:"subtitle";i:9;s:11:"after_title";i:9;s:5:"title";i:9;}}s:5:"style";a:3:{s:19:"title_style_section";a:1:{s:10:"image_size";i:9;}s:21:"general_style_section";a:4:{s:5:"width";i:4;s:5:"color";i:6;s:4:"size";i:9;s:5:"align";i:4;}s:22:"subtitle_style_section";a:3:{s:31:"subtitle_typography_font_family";i:1;s:29:"subtitle_typography_font_size";i:3;s:31:"subtitle_typography_font_weight";i:3;}}s:8:"advanced";a:2:{s:14:"_section_style";a:1:{s:7:"_margin";i:2;}s:8:"wd_extra";a:1:{s:8:"scroll_y";i:9;}}}}s:9:"wd_button";a:3:{s:5:"count";i:6;s:15:"control_percent";i:2;s:8:"controls";a:3:{s:5:"style";a:1:{s:21:"general_style_section";a:2:{s:5:"color";i:6;s:5:"style";i:4;}}s:8:"advanced";a:3:{s:17:"_section_position";a:1:{s:14:"_element_width";i:4;}s:14:"_section_style";a:1:{s:7:"_margin";i:3;}s:8:"wd_extra";a:1:{s:8:"scroll_y";i:6;}}s:7:"content";a:1:{s:23:"general_content_section";a:1:{s:4:"text";i:6;}}}}s:6:"column";a:3:{s:5:"count";i:30;s:15:"control_percent";i:1;s:8:"controls";a:3:{s:6:"layout";a:1:{s:6:"layout";a:3:{s:16:"content_position";i:2;s:5:"align";i:4;s:21:"space_between_widgets";i:4;}}s:8:"advanced";a:2:{s:16:"section_advanced";a:1:{s:7:"padding";i:10;}s:8:"wd_extra";a:2:{s:20:"column_sticky_offset";i:30;s:8:"scroll_y";i:30;}}s:5:"style";a:3:{s:14:"section_border";a:3:{s:13:"border_border";i:3;s:12:"border_width";i:6;s:12:"border_color";i:6;}s:14:"wd_extra_style";a:1:{s:15:"wd_color_scheme";i:1;}s:13:"section_style";a:2:{s:15:"background_size";i:1;s:17:"background_repeat";i:1;}}}}s:7:"section";a:3:{s:5:"count";i:16;s:15:"control_percent";i:2;s:8:"controls";a:3:{s:6:"layout";a:3:{s:15:"wd_extra_layout";a:1:{s:18:"wd_section_stretch";i:5;}s:14:"section_layout";a:3:{s:3:"gap";i:11;s:16:"content_position";i:4;s:13:"content_width";i:1;}s:17:"section_structure";a:1:{s:9:"structure";i:10;}}s:5:"style";a:2:{s:18:"section_background";a:6:{s:21:"background_background";i:4;s:16:"background_color";i:3;s:15:"background_size";i:1;s:17:"background_repeat";i:1;s:16:"background_image";i:2;s:19:"background_position";i:1;}s:14:"section_border";a:3:{s:13:"border_border";i:2;s:12:"border_width";i:2;s:12:"border_color";i:2;}}s:8:"advanced";a:1:{s:16:"section_advanced";a:2:{s:6:"margin";i:8;s:7:"padding";i:5;}}}}s:11:"text-editor";a:3:{s:5:"count";i:1;s:15:"control_percent";i:4;s:8:"controls";a:2:{s:7:"content";a:1:{s:14:"section_editor";a:3:{s:6:"editor";i:1;s:12:"text_columns";i:1;s:10:"column_gap";i:1;}}s:8:"advanced";a:3:{s:14:"_section_style";a:1:{s:8:"_padding";i:1;}s:8:"wd_extra";a:1:{s:8:"scroll_y";i:1;}s:15:"_section_border";a:3:{s:14:"_border_border";i:1;s:13:"_border_width";i:1;s:13:"_border_color";i:1;}}}}s:17:"wd_social_buttons";a:3:{s:5:"count";i:1;s:15:"control_percent";i:3;s:8:"controls";a:2:{s:5:"style";a:1:{s:21:"general_style_section";a:3:{s:4:"size";i:1;s:5:"style";i:1;s:5:"align";i:1;}}s:8:"advanced";a:2:{s:8:"wd_extra";a:1:{s:8:"scroll_y";i:1;}s:17:"_section_position";a:1:{s:14:"_element_width";i:1;}}}}s:10:"wd_counter";a:3:{s:5:"count";i:6;s:15:"control_percent";i:4;s:8:"controls";a:3:{s:5:"style";a:1:{s:21:"general_style_section";a:4:{s:4:"size";i:6;s:27:"value_typography_typography";i:6;s:28:"value_typography_font_weight";i:6;s:12:"color_scheme";i:6;}}s:7:"content";a:1:{s:23:"general_content_section";a:2:{s:5:"label";i:6;s:5:"value";i:6;}}s:8:"advanced";a:1:{s:8:"wd_extra";a:1:{s:8:"scroll_y";i:6;}}}}s:10:"wd_infobox";a:3:{s:5:"count";i:8;s:15:"control_percent";i:5;s:8:"controls";a:3:{s:7:"content";a:2:{s:20:"icon_content_section";a:4:{s:9:"icon_type";i:8;s:10:"image_size";i:8;s:5:"image";i:4;s:22:"image_custom_dimension";i:4;}s:15:"content_section";a:4:{s:8:"btn_text";i:8;s:8:"subtitle";i:8;s:5:"title";i:8;s:7:"content";i:8;}}s:5:"style";a:2:{s:21:"general_style_section";a:4:{s:9:"alignment";i:8;s:10:"title_size";i:8;s:15:"image_alignment";i:8;s:21:"woodmart_color_scheme";i:4;}s:22:"button_content_section";a:1:{s:12:"btn_position";i:8;}}s:8:"advanced";a:3:{s:14:"_section_style";a:2:{s:7:"_margin";i:4;s:8:"_padding";i:4;}s:8:"wd_extra";a:1:{s:8:"scroll_y";i:8;}s:15:"_section_border";a:3:{s:13:"_border_width";i:4;s:14:"_border_border";i:4;s:13:"_border_color";i:4;}}}}s:17:"wd_images_gallery";a:3:{s:5:"count";i:1;s:15:"control_percent";i:4;s:8:"controls";a:3:{s:7:"content";a:2:{s:23:"general_content_section";a:3:{s:8:"ids_size";i:1;s:3:"ids";i:1;s:20:"ids_custom_dimension";i:1;}s:20:"click_action_section";a:1:{s:7:"caption";i:1;}}s:5:"style";a:1:{s:20:"layout_style_section";a:2:{s:7:"spacing";i:1;s:7:"columns";i:1;}}s:8:"advanced";a:1:{s:8:"wd_extra";a:1:{s:8:"scroll_y";i:1;}}}}s:5:"video";a:3:{s:5:"count";i:2;s:15:"control_percent";i:3;s:8:"controls";a:3:{s:7:"content";a:2:{s:13:"section_video";a:1:{s:10:"video_type";i:2;}s:21:"section_image_overlay";a:2:{s:18:"show_image_overlay";i:2;s:13:"image_overlay";i:2;}}s:8:"advanced";a:2:{s:19:"_section_background";a:2:{s:16:"_background_size";i:2;s:18:"_background_repeat";i:2;}s:8:"wd_extra";a:1:{s:8:"scroll_y";i:2;}}s:5:"style";a:1:{s:19:"section_video_style";a:1:{s:14:"wd_theme_style";i:2;}}}}s:14:"wd_team_member";a:3:{s:5:"count";i:4;s:15:"control_percent";i:7;s:8:"controls";a:3:{s:7:"content";a:1:{s:23:"general_content_section";a:5:{s:7:"content";i:4;s:4:"name";i:4;s:8:"position";i:4;s:5:"image";i:4;s:10:"image_size";i:4;}}s:5:"style";a:2:{s:21:"general_style_section";a:3:{s:5:"align";i:4;s:21:"woodmart_color_scheme";i:4;s:6:"layout";i:4;}s:21:"buttons_style_section";a:2:{s:4:"size";i:4;s:5:"style";i:4;}}s:8:"advanced";a:1:{s:8:"wd_extra";a:1:{s:8:"scroll_y";i:4;}}}}s:18:"wd_banner_carousel";a:3:{s:5:"count";i:1;s:15:"control_percent";i:6;s:8:"controls";a:3:{s:5:"style";a:4:{s:22:"carousel_style_section";a:4:{s:15:"slides_per_view";i:1;s:14:"slider_spacing";i:1;s:23:"hide_pagination_control";i:1;s:22:"hide_prev_next_buttons";i:1;}s:21:"general_style_section";a:4:{s:5:"style";i:1;s:5:"hover";i:1;s:21:"woodmart_color_scheme";i:1;s:10:"title_size";i:1;}s:19:"title_style_section";a:2:{s:27:"title_typography_typography";i:1;s:26:"title_typography_font_size";i:1;}s:20:"button_style_section";a:1:{s:9:"btn_color";i:1;}}s:7:"content";a:1:{s:23:"general_content_section";a:1:{s:16:"content_repeater";i:1;}}s:8:"advanced";a:1:{s:8:"wd_extra";a:1:{s:8:"scroll_y";i:1;}}}}}]]></wp:meta_value>
						</wp:postmeta>
												<wp:postmeta>
							<wp:meta_key><![CDATA[wd_page_css_files]]></wp:meta_key>
							<wp:meta_value><![CDATA[a:4:{i:0;s:5:"wpcf7";i:1;s:16:"mc4wp-deprecated";i:2;s:5:"mc4wp";i:3;s:17:"revolution-slider";}]]></wp:meta_value>
						</wp:postmeta>
										</item>
								<item>
					<title><![CDATA[old-about-us-bg]]></title>
					<link>http://dummy.xtemos.com/woodmart2/elementor/about-us/old-about-us-bg/</link>
					<pubDate>Thu, 04 Nov 2021 12:52:54 +0000</pubDate>
					<dc:creator><![CDATA[zakhar]]></dc:creator>
					<guid isPermaLink="false">http://dummy.xtemos.com/woodmart2/elementor/wp-content/uploads/sites/2/2021/11/old-about-us-bg.jpg</guid>
															<wp:post_id>8481</wp:post_id>
					<wp:post_date><![CDATA[2021-11-04 12:52:54]]></wp:post_date>
					<wp:post_date_gmt><![CDATA[2021-11-04 12:52:54]]></wp:post_date_gmt>
					<wp:post_modified><![CDATA[2021-11-04 12:52:54]]></wp:post_modified>
					<wp:post_modified_gmt><![CDATA[2021-11-04 12:52:54]]></wp:post_modified_gmt>
					<wp:comment_status><![CDATA[open]]></wp:comment_status>
					<wp:post_name><![CDATA[old-about-us-bg]]></wp:post_name>
					<wp:status><![CDATA[inherit]]></wp:status>
					<wp:post_parent>8472</wp:post_parent>
					<wp:menu_order>0</wp:menu_order>
					<wp:post_type><![CDATA[attachment]]></wp:post_type>
											<wp:attachment_url><![CDATA[http://dummy.xtemos.com/woodmart2/elementor/wp-content/uploads/sites/2/2021/11/old-about-us-bg.jpg]]></wp:attachment_url>
																					<wp:postmeta>
							<wp:meta_key><![CDATA[_wp_attached_file]]></wp:meta_key>
							<wp:meta_value><![CDATA[2021/11/old-about-us-bg.jpg]]></wp:meta_value>
						</wp:postmeta>
										</item>
								<item>
					<title><![CDATA[old-about-us-bg-2]]></title>
					<link>http://dummy.xtemos.com/woodmart2/elementor/about-us/old-about-us-bg-2/</link>
					<pubDate>Thu, 04 Nov 2021 12:53:10 +0000</pubDate>
					<dc:creator><![CDATA[zakhar]]></dc:creator>
					<guid isPermaLink="false">http://dummy.xtemos.com/woodmart2/elementor/wp-content/uploads/sites/2/2021/11/old-about-us-bg-2.jpg</guid>
															<wp:post_id>8482</wp:post_id>
					<wp:post_date><![CDATA[2021-11-04 12:53:10]]></wp:post_date>
					<wp:post_date_gmt><![CDATA[2021-11-04 12:53:10]]></wp:post_date_gmt>
					<wp:post_modified><![CDATA[2021-11-04 12:53:10]]></wp:post_modified>
					<wp:post_modified_gmt><![CDATA[2021-11-04 12:53:10]]></wp:post_modified_gmt>
					<wp:comment_status><![CDATA[open]]></wp:comment_status>
					<wp:post_name><![CDATA[old-about-us-bg-2]]></wp:post_name>
					<wp:status><![CDATA[inherit]]></wp:status>
					<wp:post_parent>8472</wp:post_parent>
					<wp:menu_order>0</wp:menu_order>
					<wp:post_type><![CDATA[attachment]]></wp:post_type>
											<wp:attachment_url><![CDATA[http://dummy.xtemos.com/woodmart2/elementor/wp-content/uploads/sites/2/2021/11/old-about-us-bg-2.jpg]]></wp:attachment_url>
																					<wp:postmeta>
							<wp:meta_key><![CDATA[_wp_attached_file]]></wp:meta_key>
							<wp:meta_value><![CDATA[2021/11/old-about-us-bg-2.jpg]]></wp:meta_value>
						</wp:postmeta>
										</item>
								<item>
					<title><![CDATA[about-us-paint-palette]]></title>
					<link>http://dummy.xtemos.com/woodmart2/elementor/about-us-paint-palette/</link>
					<pubDate>Thu, 04 Nov 2021 13:04:55 +0000</pubDate>
					<dc:creator><![CDATA[zakhar]]></dc:creator>
					<guid isPermaLink="false">http://dummy.xtemos.com/woodmart2/elementor/wp-content/uploads/sites/2/2021/11/about-us-paint-palette.png</guid>
															<wp:post_id>8504</wp:post_id>
					<wp:post_date><![CDATA[2021-11-04 13:04:55]]></wp:post_date>
					<wp:post_date_gmt><![CDATA[2021-11-04 13:04:55]]></wp:post_date_gmt>
					<wp:post_modified><![CDATA[2021-11-04 13:04:55]]></wp:post_modified>
					<wp:post_modified_gmt><![CDATA[2021-11-04 13:04:55]]></wp:post_modified_gmt>
					<wp:comment_status><![CDATA[open]]></wp:comment_status>
					<wp:post_name><![CDATA[about-us-paint-palette]]></wp:post_name>
					<wp:status><![CDATA[inherit]]></wp:status>
					<wp:post_parent>0</wp:post_parent>
					<wp:menu_order>0</wp:menu_order>
					<wp:post_type><![CDATA[attachment]]></wp:post_type>
											<wp:attachment_url><![CDATA[http://dummy.xtemos.com/woodmart2/elementor/wp-content/uploads/sites/2/2021/11/about-us-paint-palette.png]]></wp:attachment_url>
																					<wp:postmeta>
							<wp:meta_key><![CDATA[_wp_attached_file]]></wp:meta_key>
							<wp:meta_value><![CDATA[2021/11/about-us-paint-palette.png]]></wp:meta_value>
						</wp:postmeta>
										</item>
								<item>
					<title><![CDATA[about-us-pen]]></title>
					<link>http://dummy.xtemos.com/woodmart2/elementor/about-us-pen/</link>
					<pubDate>Thu, 04 Nov 2021 13:04:56 +0000</pubDate>
					<dc:creator><![CDATA[zakhar]]></dc:creator>
					<guid isPermaLink="false">http://dummy.xtemos.com/woodmart2/elementor/wp-content/uploads/sites/2/2021/11/about-us-pen.png</guid>
															<wp:post_id>8505</wp:post_id>
					<wp:post_date><![CDATA[2021-11-04 13:04:56]]></wp:post_date>
					<wp:post_date_gmt><![CDATA[2021-11-04 13:04:56]]></wp:post_date_gmt>
					<wp:post_modified><![CDATA[2021-11-04 13:04:56]]></wp:post_modified>
					<wp:post_modified_gmt><![CDATA[2021-11-04 13:04:56]]></wp:post_modified_gmt>
					<wp:comment_status><![CDATA[open]]></wp:comment_status>
					<wp:post_name><![CDATA[about-us-pen]]></wp:post_name>
					<wp:status><![CDATA[inherit]]></wp:status>
					<wp:post_parent>0</wp:post_parent>
					<wp:menu_order>0</wp:menu_order>
					<wp:post_type><![CDATA[attachment]]></wp:post_type>
											<wp:attachment_url><![CDATA[http://dummy.xtemos.com/woodmart2/elementor/wp-content/uploads/sites/2/2021/11/about-us-pen.png]]></wp:attachment_url>
																					<wp:postmeta>
							<wp:meta_key><![CDATA[_wp_attached_file]]></wp:meta_key>
							<wp:meta_value><![CDATA[2021/11/about-us-pen.png]]></wp:meta_value>
						</wp:postmeta>
										</item>
								<item>
					<title><![CDATA[about-us-ruler]]></title>
					<link>http://dummy.xtemos.com/woodmart2/elementor/about-us-ruler/</link>
					<pubDate>Thu, 04 Nov 2021 13:04:58 +0000</pubDate>
					<dc:creator><![CDATA[zakhar]]></dc:creator>
					<guid isPermaLink="false">http://dummy.xtemos.com/woodmart2/elementor/wp-content/uploads/sites/2/2021/11/about-us-ruler.png</guid>
															<wp:post_id>8506</wp:post_id>
					<wp:post_date><![CDATA[2021-11-04 13:04:58]]></wp:post_date>
					<wp:post_date_gmt><![CDATA[2021-11-04 13:04:58]]></wp:post_date_gmt>
					<wp:post_modified><![CDATA[2021-11-04 13:04:58]]></wp:post_modified>
					<wp:post_modified_gmt><![CDATA[2021-11-04 13:04:58]]></wp:post_modified_gmt>
					<wp:comment_status><![CDATA[open]]></wp:comment_status>
					<wp:post_name><![CDATA[about-us-ruler]]></wp:post_name>
					<wp:status><![CDATA[inherit]]></wp:status>
					<wp:post_parent>0</wp:post_parent>
					<wp:menu_order>0</wp:menu_order>
					<wp:post_type><![CDATA[attachment]]></wp:post_type>
											<wp:attachment_url><![CDATA[http://dummy.xtemos.com/woodmart2/elementor/wp-content/uploads/sites/2/2021/11/about-us-ruler.png]]></wp:attachment_url>
																					<wp:postmeta>
							<wp:meta_key><![CDATA[_wp_attached_file]]></wp:meta_key>
							<wp:meta_value><![CDATA[2021/11/about-us-ruler.png]]></wp:meta_value>
						</wp:postmeta>
										</item>
								<item>
					<title><![CDATA[about-us-ruler-2]]></title>
					<link>http://dummy.xtemos.com/woodmart2/elementor/about-us-ruler-2/</link>
					<pubDate>Thu, 04 Nov 2021 13:04:59 +0000</pubDate>
					<dc:creator><![CDATA[zakhar]]></dc:creator>
					<guid isPermaLink="false">http://dummy.xtemos.com/woodmart2/elementor/wp-content/uploads/sites/2/2021/11/about-us-ruler-2.png</guid>
															<wp:post_id>8507</wp:post_id>
					<wp:post_date><![CDATA[2021-11-04 13:04:59]]></wp:post_date>
					<wp:post_date_gmt><![CDATA[2021-11-04 13:04:59]]></wp:post_date_gmt>
					<wp:post_modified><![CDATA[2021-11-04 13:04:59]]></wp:post_modified>
					<wp:post_modified_gmt><![CDATA[2021-11-04 13:04:59]]></wp:post_modified_gmt>
					<wp:comment_status><![CDATA[open]]></wp:comment_status>
					<wp:post_name><![CDATA[about-us-ruler-2]]></wp:post_name>
					<wp:status><![CDATA[inherit]]></wp:status>
					<wp:post_parent>0</wp:post_parent>
					<wp:menu_order>0</wp:menu_order>
					<wp:post_type><![CDATA[attachment]]></wp:post_type>
											<wp:attachment_url><![CDATA[http://dummy.xtemos.com/woodmart2/elementor/wp-content/uploads/sites/2/2021/11/about-us-ruler-2.png]]></wp:attachment_url>
																					<wp:postmeta>
							<wp:meta_key><![CDATA[_wp_attached_file]]></wp:meta_key>
							<wp:meta_value><![CDATA[2021/11/about-us-ruler-2.png]]></wp:meta_value>
						</wp:postmeta>
										</item>
								<item>
					<title><![CDATA[old-about-us-image-1]]></title>
					<link>http://dummy.xtemos.com/woodmart2/elementor/about-us/old-about-us-image-1/</link>
					<pubDate>Thu, 04 Nov 2021 13:05:59 +0000</pubDate>
					<dc:creator><![CDATA[zakhar]]></dc:creator>
					<guid isPermaLink="false">http://dummy.xtemos.com/woodmart2/elementor/wp-content/uploads/sites/2/2021/11/old-about-us-image-1.jpg</guid>
															<wp:post_id>8511</wp:post_id>
					<wp:post_date><![CDATA[2021-11-04 13:05:59]]></wp:post_date>
					<wp:post_date_gmt><![CDATA[2021-11-04 13:05:59]]></wp:post_date_gmt>
					<wp:post_modified><![CDATA[2021-11-04 13:05:59]]></wp:post_modified>
					<wp:post_modified_gmt><![CDATA[2021-11-04 13:05:59]]></wp:post_modified_gmt>
					<wp:comment_status><![CDATA[open]]></wp:comment_status>
					<wp:post_name><![CDATA[old-about-us-image-1]]></wp:post_name>
					<wp:status><![CDATA[inherit]]></wp:status>
					<wp:post_parent>8472</wp:post_parent>
					<wp:menu_order>0</wp:menu_order>
					<wp:post_type><![CDATA[attachment]]></wp:post_type>
											<wp:attachment_url><![CDATA[http://dummy.xtemos.com/woodmart2/elementor/wp-content/uploads/sites/2/2021/11/old-about-us-image-1.jpg]]></wp:attachment_url>
																					<wp:postmeta>
							<wp:meta_key><![CDATA[_wp_attached_file]]></wp:meta_key>
							<wp:meta_value><![CDATA[2021/11/old-about-us-image-1.jpg]]></wp:meta_value>
						</wp:postmeta>
										</item>
								<item>
					<title><![CDATA[old-about-us-image-2]]></title>
					<link>http://dummy.xtemos.com/woodmart2/elementor/about-us/old-about-us-image-2/</link>
					<pubDate>Thu, 04 Nov 2021 13:06:01 +0000</pubDate>
					<dc:creator><![CDATA[zakhar]]></dc:creator>
					<guid isPermaLink="false">http://dummy.xtemos.com/woodmart2/elementor/wp-content/uploads/sites/2/2021/11/old-about-us-image-2.jpg</guid>
															<wp:post_id>8512</wp:post_id>
					<wp:post_date><![CDATA[2021-11-04 13:06:01]]></wp:post_date>
					<wp:post_date_gmt><![CDATA[2021-11-04 13:06:01]]></wp:post_date_gmt>
					<wp:post_modified><![CDATA[2021-11-04 13:06:01]]></wp:post_modified>
					<wp:post_modified_gmt><![CDATA[2021-11-04 13:06:01]]></wp:post_modified_gmt>
					<wp:comment_status><![CDATA[open]]></wp:comment_status>
					<wp:post_name><![CDATA[old-about-us-image-2]]></wp:post_name>
					<wp:status><![CDATA[inherit]]></wp:status>
					<wp:post_parent>8472</wp:post_parent>
					<wp:menu_order>0</wp:menu_order>
					<wp:post_type><![CDATA[attachment]]></wp:post_type>
											<wp:attachment_url><![CDATA[http://dummy.xtemos.com/woodmart2/elementor/wp-content/uploads/sites/2/2021/11/old-about-us-image-2.jpg]]></wp:attachment_url>
																					<wp:postmeta>
							<wp:meta_key><![CDATA[_wp_attached_file]]></wp:meta_key>
							<wp:meta_value><![CDATA[2021/11/old-about-us-image-2.jpg]]></wp:meta_value>
						</wp:postmeta>
										</item>
								<item>
					<title><![CDATA[old-about-us-video-1]]></title>
					<link>http://dummy.xtemos.com/woodmart2/elementor/about-us/old-about-us-video-1/</link>
					<pubDate>Thu, 04 Nov 2021 13:12:12 +0000</pubDate>
					<dc:creator><![CDATA[zakhar]]></dc:creator>
					<guid isPermaLink="false">http://dummy.xtemos.com/woodmart2/elementor/wp-content/uploads/sites/2/2021/11/old-about-us-video-1.jpg</guid>
															<wp:post_id>8522</wp:post_id>
					<wp:post_date><![CDATA[2021-11-04 13:12:12]]></wp:post_date>
					<wp:post_date_gmt><![CDATA[2021-11-04 13:12:12]]></wp:post_date_gmt>
					<wp:post_modified><![CDATA[2021-11-04 13:12:12]]></wp:post_modified>
					<wp:post_modified_gmt><![CDATA[2021-11-04 13:12:12]]></wp:post_modified_gmt>
					<wp:comment_status><![CDATA[open]]></wp:comment_status>
					<wp:post_name><![CDATA[old-about-us-video-1]]></wp:post_name>
					<wp:status><![CDATA[inherit]]></wp:status>
					<wp:post_parent>8472</wp:post_parent>
					<wp:menu_order>0</wp:menu_order>
					<wp:post_type><![CDATA[attachment]]></wp:post_type>
											<wp:attachment_url><![CDATA[http://dummy.xtemos.com/woodmart2/elementor/wp-content/uploads/sites/2/2021/11/old-about-us-video-1.jpg]]></wp:attachment_url>
																					<wp:postmeta>
							<wp:meta_key><![CDATA[_wp_attached_file]]></wp:meta_key>
							<wp:meta_value><![CDATA[2021/11/old-about-us-video-1.jpg]]></wp:meta_value>
						</wp:postmeta>
										</item>
								<item>
					<title><![CDATA[old-about-us-video-2]]></title>
					<link>http://dummy.xtemos.com/woodmart2/elementor/about-us/old-about-us-video-2/</link>
					<pubDate>Thu, 04 Nov 2021 13:12:24 +0000</pubDate>
					<dc:creator><![CDATA[zakhar]]></dc:creator>
					<guid isPermaLink="false">http://dummy.xtemos.com/woodmart2/elementor/wp-content/uploads/sites/2/2021/11/old-about-us-video-2.jpg</guid>
															<wp:post_id>8523</wp:post_id>
					<wp:post_date><![CDATA[2021-11-04 13:12:24]]></wp:post_date>
					<wp:post_date_gmt><![CDATA[2021-11-04 13:12:24]]></wp:post_date_gmt>
					<wp:post_modified><![CDATA[2021-11-04 13:12:24]]></wp:post_modified>
					<wp:post_modified_gmt><![CDATA[2021-11-04 13:12:24]]></wp:post_modified_gmt>
					<wp:comment_status><![CDATA[open]]></wp:comment_status>
					<wp:post_name><![CDATA[old-about-us-video-2]]></wp:post_name>
					<wp:status><![CDATA[inherit]]></wp:status>
					<wp:post_parent>8472</wp:post_parent>
					<wp:menu_order>0</wp:menu_order>
					<wp:post_type><![CDATA[attachment]]></wp:post_type>
											<wp:attachment_url><![CDATA[http://dummy.xtemos.com/woodmart2/elementor/wp-content/uploads/sites/2/2021/11/old-about-us-video-2.jpg]]></wp:attachment_url>
																					<wp:postmeta>
							<wp:meta_key><![CDATA[_wp_attached_file]]></wp:meta_key>
							<wp:meta_value><![CDATA[2021/11/old-about-us-video-2.jpg]]></wp:meta_value>
						</wp:postmeta>
										</item>
								<item>
					<title><![CDATA[old-team-member-1]]></title>
					<link>http://dummy.xtemos.com/woodmart2/elementor/about-us/old-team-member-1/</link>
					<pubDate>Thu, 04 Nov 2021 13:14:23 +0000</pubDate>
					<dc:creator><![CDATA[zakhar]]></dc:creator>
					<guid isPermaLink="false">http://dummy.xtemos.com/woodmart2/elementor/wp-content/uploads/sites/2/2021/11/old-team-member-1.jpg</guid>
															<wp:post_id>8527</wp:post_id>
					<wp:post_date><![CDATA[2021-11-04 13:14:23]]></wp:post_date>
					<wp:post_date_gmt><![CDATA[2021-11-04 13:14:23]]></wp:post_date_gmt>
					<wp:post_modified><![CDATA[2021-11-04 13:14:23]]></wp:post_modified>
					<wp:post_modified_gmt><![CDATA[2021-11-04 13:14:23]]></wp:post_modified_gmt>
					<wp:comment_status><![CDATA[open]]></wp:comment_status>
					<wp:post_name><![CDATA[old-team-member-1]]></wp:post_name>
					<wp:status><![CDATA[inherit]]></wp:status>
					<wp:post_parent>8472</wp:post_parent>
					<wp:menu_order>0</wp:menu_order>
					<wp:post_type><![CDATA[attachment]]></wp:post_type>
											<wp:attachment_url><![CDATA[http://dummy.xtemos.com/woodmart2/elementor/wp-content/uploads/sites/2/2021/11/old-team-member-1.jpg]]></wp:attachment_url>
																					<wp:postmeta>
							<wp:meta_key><![CDATA[_wp_attached_file]]></wp:meta_key>
							<wp:meta_value><![CDATA[2021/11/old-team-member-1.jpg]]></wp:meta_value>
						</wp:postmeta>
										</item>
								<item>
					<title><![CDATA[old-team-member-2]]></title>
					<link>http://dummy.xtemos.com/woodmart2/elementor/about-us/old-team-member-2/</link>
					<pubDate>Thu, 04 Nov 2021 13:14:33 +0000</pubDate>
					<dc:creator><![CDATA[zakhar]]></dc:creator>
					<guid isPermaLink="false">http://dummy.xtemos.com/woodmart2/elementor/wp-content/uploads/sites/2/2021/11/old-team-member-2.jpg</guid>
															<wp:post_id>8528</wp:post_id>
					<wp:post_date><![CDATA[2021-11-04 13:14:33]]></wp:post_date>
					<wp:post_date_gmt><![CDATA[2021-11-04 13:14:33]]></wp:post_date_gmt>
					<wp:post_modified><![CDATA[2021-11-04 13:14:33]]></wp:post_modified>
					<wp:post_modified_gmt><![CDATA[2021-11-04 13:14:33]]></wp:post_modified_gmt>
					<wp:comment_status><![CDATA[open]]></wp:comment_status>
					<wp:post_name><![CDATA[old-team-member-2]]></wp:post_name>
					<wp:status><![CDATA[inherit]]></wp:status>
					<wp:post_parent>8472</wp:post_parent>
					<wp:menu_order>0</wp:menu_order>
					<wp:post_type><![CDATA[attachment]]></wp:post_type>
											<wp:attachment_url><![CDATA[http://dummy.xtemos.com/woodmart2/elementor/wp-content/uploads/sites/2/2021/11/old-team-member-2.jpg]]></wp:attachment_url>
																					<wp:postmeta>
							<wp:meta_key><![CDATA[_wp_attached_file]]></wp:meta_key>
							<wp:meta_value><![CDATA[2021/11/old-team-member-2.jpg]]></wp:meta_value>
						</wp:postmeta>
										</item>
								<item>
					<title><![CDATA[old-team-member-3]]></title>
					<link>http://dummy.xtemos.com/woodmart2/elementor/about-us/old-team-member-3/</link>
					<pubDate>Thu, 04 Nov 2021 13:14:43 +0000</pubDate>
					<dc:creator><![CDATA[zakhar]]></dc:creator>
					<guid isPermaLink="false">http://dummy.xtemos.com/woodmart2/elementor/wp-content/uploads/sites/2/2021/11/old-team-member-3.jpg</guid>
															<wp:post_id>8529</wp:post_id>
					<wp:post_date><![CDATA[2021-11-04 13:14:43]]></wp:post_date>
					<wp:post_date_gmt><![CDATA[2021-11-04 13:14:43]]></wp:post_date_gmt>
					<wp:post_modified><![CDATA[2021-11-04 13:14:43]]></wp:post_modified>
					<wp:post_modified_gmt><![CDATA[2021-11-04 13:14:43]]></wp:post_modified_gmt>
					<wp:comment_status><![CDATA[open]]></wp:comment_status>
					<wp:post_name><![CDATA[old-team-member-3]]></wp:post_name>
					<wp:status><![CDATA[inherit]]></wp:status>
					<wp:post_parent>8472</wp:post_parent>
					<wp:menu_order>0</wp:menu_order>
					<wp:post_type><![CDATA[attachment]]></wp:post_type>
											<wp:attachment_url><![CDATA[http://dummy.xtemos.com/woodmart2/elementor/wp-content/uploads/sites/2/2021/11/old-team-member-3.jpg]]></wp:attachment_url>
																					<wp:postmeta>
							<wp:meta_key><![CDATA[_wp_attached_file]]></wp:meta_key>
							<wp:meta_value><![CDATA[2021/11/old-team-member-3.jpg]]></wp:meta_value>
						</wp:postmeta>
										</item>
								<item>
					<title><![CDATA[old-team-member-4]]></title>
					<link>http://dummy.xtemos.com/woodmart2/elementor/about-us/old-team-member-4/</link>
					<pubDate>Thu, 04 Nov 2021 13:14:51 +0000</pubDate>
					<dc:creator><![CDATA[zakhar]]></dc:creator>
					<guid isPermaLink="false">http://dummy.xtemos.com/woodmart2/elementor/wp-content/uploads/sites/2/2021/11/old-team-member-4.jpg</guid>
															<wp:post_id>8530</wp:post_id>
					<wp:post_date><![CDATA[2021-11-04 13:14:51]]></wp:post_date>
					<wp:post_date_gmt><![CDATA[2021-11-04 13:14:51]]></wp:post_date_gmt>
					<wp:post_modified><![CDATA[2021-11-04 13:14:51]]></wp:post_modified>
					<wp:post_modified_gmt><![CDATA[2021-11-04 13:14:51]]></wp:post_modified_gmt>
					<wp:comment_status><![CDATA[open]]></wp:comment_status>
					<wp:post_name><![CDATA[old-team-member-4]]></wp:post_name>
					<wp:status><![CDATA[inherit]]></wp:status>
					<wp:post_parent>8472</wp:post_parent>
					<wp:menu_order>0</wp:menu_order>
					<wp:post_type><![CDATA[attachment]]></wp:post_type>
											<wp:attachment_url><![CDATA[http://dummy.xtemos.com/woodmart2/elementor/wp-content/uploads/sites/2/2021/11/old-team-member-4.jpg]]></wp:attachment_url>
																					<wp:postmeta>
							<wp:meta_key><![CDATA[_wp_attached_file]]></wp:meta_key>
							<wp:meta_value><![CDATA[2021/11/old-team-member-4.jpg]]></wp:meta_value>
						</wp:postmeta>
										</item>
								<item>
					<title><![CDATA[old-team-member-2]]></title>
					<link>http://dummy.xtemos.com/woodmart2/elementor/about-us/old-team-member-2/</link>
					<pubDate>Thu, 04 Nov 2021 13:14:33 +0000</pubDate>
					<dc:creator><![CDATA[zakhar]]></dc:creator>
					<guid isPermaLink="false">http://dummy.xtemos.com/woodmart2/elementor/wp-content/uploads/sites/2/2021/11/old-team-member-2.jpg</guid>
															<wp:post_id>8528</wp:post_id>
					<wp:post_date><![CDATA[2021-11-04 13:14:33]]></wp:post_date>
					<wp:post_date_gmt><![CDATA[2021-11-04 13:14:33]]></wp:post_date_gmt>
					<wp:post_modified><![CDATA[2021-11-04 13:14:33]]></wp:post_modified>
					<wp:post_modified_gmt><![CDATA[2021-11-04 13:14:33]]></wp:post_modified_gmt>
					<wp:comment_status><![CDATA[open]]></wp:comment_status>
					<wp:post_name><![CDATA[old-team-member-2]]></wp:post_name>
					<wp:status><![CDATA[inherit]]></wp:status>
					<wp:post_parent>8472</wp:post_parent>
					<wp:menu_order>0</wp:menu_order>
					<wp:post_type><![CDATA[attachment]]></wp:post_type>
											<wp:attachment_url><![CDATA[http://dummy.xtemos.com/woodmart2/elementor/wp-content/uploads/sites/2/2021/11/old-team-member-2.jpg]]></wp:attachment_url>
																					<wp:postmeta>
							<wp:meta_key><![CDATA[_wp_attached_file]]></wp:meta_key>
							<wp:meta_value><![CDATA[2021/11/old-team-member-2.jpg]]></wp:meta_value>
						</wp:postmeta>
										</item>
								<item>
					<title><![CDATA[old-team-member-3]]></title>
					<link>http://dummy.xtemos.com/woodmart2/elementor/about-us/old-team-member-3/</link>
					<pubDate>Thu, 04 Nov 2021 13:14:43 +0000</pubDate>
					<dc:creator><![CDATA[zakhar]]></dc:creator>
					<guid isPermaLink="false">http://dummy.xtemos.com/woodmart2/elementor/wp-content/uploads/sites/2/2021/11/old-team-member-3.jpg</guid>
															<wp:post_id>8529</wp:post_id>
					<wp:post_date><![CDATA[2021-11-04 13:14:43]]></wp:post_date>
					<wp:post_date_gmt><![CDATA[2021-11-04 13:14:43]]></wp:post_date_gmt>
					<wp:post_modified><![CDATA[2021-11-04 13:14:43]]></wp:post_modified>
					<wp:post_modified_gmt><![CDATA[2021-11-04 13:14:43]]></wp:post_modified_gmt>
					<wp:comment_status><![CDATA[open]]></wp:comment_status>
					<wp:post_name><![CDATA[old-team-member-3]]></wp:post_name>
					<wp:status><![CDATA[inherit]]></wp:status>
					<wp:post_parent>8472</wp:post_parent>
					<wp:menu_order>0</wp:menu_order>
					<wp:post_type><![CDATA[attachment]]></wp:post_type>
											<wp:attachment_url><![CDATA[http://dummy.xtemos.com/woodmart2/elementor/wp-content/uploads/sites/2/2021/11/old-team-member-3.jpg]]></wp:attachment_url>
																					<wp:postmeta>
							<wp:meta_key><![CDATA[_wp_attached_file]]></wp:meta_key>
							<wp:meta_value><![CDATA[2021/11/old-team-member-3.jpg]]></wp:meta_value>
						</wp:postmeta>
										</item>
								<item>
					<title><![CDATA[old-team-member-4]]></title>
					<link>http://dummy.xtemos.com/woodmart2/elementor/about-us/old-team-member-4/</link>
					<pubDate>Thu, 04 Nov 2021 13:14:51 +0000</pubDate>
					<dc:creator><![CDATA[zakhar]]></dc:creator>
					<guid isPermaLink="false">http://dummy.xtemos.com/woodmart2/elementor/wp-content/uploads/sites/2/2021/11/old-team-member-4.jpg</guid>
															<wp:post_id>8530</wp:post_id>
					<wp:post_date><![CDATA[2021-11-04 13:14:51]]></wp:post_date>
					<wp:post_date_gmt><![CDATA[2021-11-04 13:14:51]]></wp:post_date_gmt>
					<wp:post_modified><![CDATA[2021-11-04 13:14:51]]></wp:post_modified>
					<wp:post_modified_gmt><![CDATA[2021-11-04 13:14:51]]></wp:post_modified_gmt>
					<wp:comment_status><![CDATA[open]]></wp:comment_status>
					<wp:post_name><![CDATA[old-team-member-4]]></wp:post_name>
					<wp:status><![CDATA[inherit]]></wp:status>
					<wp:post_parent>8472</wp:post_parent>
					<wp:menu_order>0</wp:menu_order>
					<wp:post_type><![CDATA[attachment]]></wp:post_type>
											<wp:attachment_url><![CDATA[http://dummy.xtemos.com/woodmart2/elementor/wp-content/uploads/sites/2/2021/11/old-team-member-4.jpg]]></wp:attachment_url>
																					<wp:postmeta>
							<wp:meta_key><![CDATA[_wp_attached_file]]></wp:meta_key>
							<wp:meta_value><![CDATA[2021/11/old-team-member-4.jpg]]></wp:meta_value>
						</wp:postmeta>
										</item>
								<item>
					<title><![CDATA[old-about-us-banner-1]]></title>
					<link>http://dummy.xtemos.com/woodmart2/elementor/about-us/old-about-us-banner-1/</link>
					<pubDate>Thu, 04 Nov 2021 13:20:24 +0000</pubDate>
					<dc:creator><![CDATA[zakhar]]></dc:creator>
					<guid isPermaLink="false">http://dummy.xtemos.com/woodmart2/elementor/wp-content/uploads/sites/2/2021/11/old-about-us-banner-1.jpg</guid>
															<wp:post_id>8540</wp:post_id>
					<wp:post_date><![CDATA[2021-11-04 13:20:24]]></wp:post_date>
					<wp:post_date_gmt><![CDATA[2021-11-04 13:20:24]]></wp:post_date_gmt>
					<wp:post_modified><![CDATA[2021-11-04 13:20:24]]></wp:post_modified>
					<wp:post_modified_gmt><![CDATA[2021-11-04 13:20:24]]></wp:post_modified_gmt>
					<wp:comment_status><![CDATA[open]]></wp:comment_status>
					<wp:post_name><![CDATA[old-about-us-banner-1]]></wp:post_name>
					<wp:status><![CDATA[inherit]]></wp:status>
					<wp:post_parent>8472</wp:post_parent>
					<wp:menu_order>0</wp:menu_order>
					<wp:post_type><![CDATA[attachment]]></wp:post_type>
											<wp:attachment_url><![CDATA[http://dummy.xtemos.com/woodmart2/elementor/wp-content/uploads/sites/2/2021/11/old-about-us-banner-1.jpg]]></wp:attachment_url>
																					<wp:postmeta>
							<wp:meta_key><![CDATA[_wp_attached_file]]></wp:meta_key>
							<wp:meta_value><![CDATA[2021/11/old-about-us-banner-1.jpg]]></wp:meta_value>
						</wp:postmeta>
										</item>
								<item>
					<title><![CDATA[old-about-us-banner-2]]></title>
					<link>http://dummy.xtemos.com/woodmart2/elementor/about-us/old-about-us-banner-2/</link>
					<pubDate>Thu, 04 Nov 2021 13:20:40 +0000</pubDate>
					<dc:creator><![CDATA[zakhar]]></dc:creator>
					<guid isPermaLink="false">http://dummy.xtemos.com/woodmart2/elementor/wp-content/uploads/sites/2/2021/11/old-about-us-banner-2.jpg</guid>
															<wp:post_id>8541</wp:post_id>
					<wp:post_date><![CDATA[2021-11-04 13:20:40]]></wp:post_date>
					<wp:post_date_gmt><![CDATA[2021-11-04 13:20:40]]></wp:post_date_gmt>
					<wp:post_modified><![CDATA[2021-11-04 13:20:40]]></wp:post_modified>
					<wp:post_modified_gmt><![CDATA[2021-11-04 13:20:40]]></wp:post_modified_gmt>
					<wp:comment_status><![CDATA[open]]></wp:comment_status>
					<wp:post_name><![CDATA[old-about-us-banner-2]]></wp:post_name>
					<wp:status><![CDATA[inherit]]></wp:status>
					<wp:post_parent>8472</wp:post_parent>
					<wp:menu_order>0</wp:menu_order>
					<wp:post_type><![CDATA[attachment]]></wp:post_type>
											<wp:attachment_url><![CDATA[http://dummy.xtemos.com/woodmart2/elementor/wp-content/uploads/sites/2/2021/11/old-about-us-banner-2.jpg]]></wp:attachment_url>
																					<wp:postmeta>
							<wp:meta_key><![CDATA[_wp_attached_file]]></wp:meta_key>
							<wp:meta_value><![CDATA[2021/11/old-about-us-banner-2.jpg]]></wp:meta_value>
						</wp:postmeta>
										</item>
								<item>
					<title><![CDATA[old-about-us-banner-3]]></title>
					<link>http://dummy.xtemos.com/woodmart2/elementor/about-us/old-about-us-banner-3/</link>
					<pubDate>Thu, 04 Nov 2021 13:20:56 +0000</pubDate>
					<dc:creator><![CDATA[zakhar]]></dc:creator>
					<guid isPermaLink="false">http://dummy.xtemos.com/woodmart2/elementor/wp-content/uploads/sites/2/2021/11/old-about-us-banner-3.jpg</guid>
															<wp:post_id>8542</wp:post_id>
					<wp:post_date><![CDATA[2021-11-04 13:20:56]]></wp:post_date>
					<wp:post_date_gmt><![CDATA[2021-11-04 13:20:56]]></wp:post_date_gmt>
					<wp:post_modified><![CDATA[2021-11-04 13:20:56]]></wp:post_modified>
					<wp:post_modified_gmt><![CDATA[2021-11-04 13:20:56]]></wp:post_modified_gmt>
					<wp:comment_status><![CDATA[open]]></wp:comment_status>
					<wp:post_name><![CDATA[old-about-us-banner-3]]></wp:post_name>
					<wp:status><![CDATA[inherit]]></wp:status>
					<wp:post_parent>8472</wp:post_parent>
					<wp:menu_order>0</wp:menu_order>
					<wp:post_type><![CDATA[attachment]]></wp:post_type>
											<wp:attachment_url><![CDATA[http://dummy.xtemos.com/woodmart2/elementor/wp-content/uploads/sites/2/2021/11/old-about-us-banner-3.jpg]]></wp:attachment_url>
																					<wp:postmeta>
							<wp:meta_key><![CDATA[_wp_attached_file]]></wp:meta_key>
							<wp:meta_value><![CDATA[2021/11/old-about-us-banner-3.jpg]]></wp:meta_value>
						</wp:postmeta>
										</item>
				</channel>
</rss>
	